id,TCGDATE
100000208,
100000156,1/24/2012
100000155,
100000154,2/16/2010
100000153,2/16/2010
100000152,2/16/2010
100000151,1/24/2012
100000150,
100000133,
100000130,
100000077,
99995595,10/9/2008
99916754,
99899504,5/19/2009
99877698,7/18/2003
99865167,1/26/2008
99861526,7/25/2007
99789342,
99788587,4/11/2006
99785935,2/18/2003
99747800,1/26/2008
99735427,11/14/2007
99724761,10/10/2003
99721536,1/10/2002
99690140,7/18/2003
99675356,1/3/2007
99659159,
99657399,8/16/2011
99597615,9/16/2002
99594764,
99590524,10/18/2008
99551425,6/27/2002
99532708,4/11/2006
99523325,2/16/2010
99518961,
99517131,10/10/2003
99510761,
99426834,1/11/2004
99414168,1/6/2005
99365553,
99351431,6/6/2003
99348756,1/25/2013
99342953,
99284890,1/6/2004
99267150,10/20/2006
99261403,11/17/2009
99214782,
99212922,1/24/2012
99189322,7/5/2008
99188141,1/24/2012
99177923,
99173029,6/6/2003
99171160,1/6/2004
99150062,
99075257,5/13/2006
99070951,10/5/2011
99064191,8/5/2012
99050989,1/3/2004
99030164,6/2/2007
99013397,11/14/2007
99004752,8/5/2012
99002135,12/5/2009
99000151,
98956134,7/5/2008
98954375,11/5/2010
98927491,5/8/2006
98891840,11/14/2007
98884569,10/5/2011
98867329,8/17/2010
98865920,8/16/2011
98847704,1/9/2009
98818516,8/3/2002
98792570,1/6/2005
98777036,
98745000,7/18/2003
98719226,5/8/2006
98666339,4/11/2006
98649372,8/16/2011
98645731,8/17/2010
98585345,6/8/2005
98558751,10/5/2011
98555327,
98502115,10/10/2003
98502114,10/10/2003
98502113,10/10/2003
98495314,6/27/2002
98494543,6/2/2007
98456117,1/3/2003
98446407,1/3/2005
98444741,4/11/2006
98437424,
98434877,6/27/2002
98427577,5/8/2008
98380593,12/5/2009
98374133,3/29/2002
98358303,10/5/2011
98336111,1/3/2007
98299011,10/20/2002
98273947,10/9/2008
98266377,
98259197,11/30/2005
98252586,8/3/2002
98239899,6/6/2003
98225108,1/25/2013
98162242,1/6/2004
98162021,8/2/2011
98147766,1/9/2009
98143165,5/8/2008
98139712,10/20/2002
98126725,10/5/2011
98069388,6/27/2002
98049915,6/27/2002
98049038,11/14/2007
98045062,1/6/2004
98024118,1/9/2009
97997309,9/11/2012
97970833,5/16/2007
97940434,8/2/2011
97923414,7/18/2003
97922283,8/17/2010
97904474,10/9/2008
97896503,
97885363,11/16/2010
97836203,10/5/2011
97811903,11/17/2009
97809599,2/20/2004
97806240,1/3/2005
97783659,8/2/2011
97705809,7/25/2007
97697678,5/8/2006
97697447,9/11/2012
97687912,10/20/2002
97651498,
97642679,1/12/2003
97623219,1/3/2005
97617181,
97590748,3/29/2002
97590747,3/29/2002
97574404,7/5/2008
97570038,1/6/2005
97526666,9/11/2012
97489701,11/16/2010
97452817,7/5/2008
97439806,
97439308,1/3/2004
97433739,
97385276,12/5/2009
97362768,6/8/2005
97360116,3/29/2002
97342942,1/10/2004
97268402,8/17/2010
97240270,6/8/2005
97234686,7/5/2008
97170107,8/5/2012
97169186,1/3/2004
97168905,12/5/2009
97151365,10/9/2008
97127906,8/15/2007
97093037,1/11/2004
97077563,10/20/2002
97023549,11/30/2005
97021916,10/9/2008
97017120,1/10/2003
97000273,10/5/2011
96981563,9/16/2002
96967123,1/10/2002
96965364,10/20/2002
96947648,1/3/2004
96930127,11/16/2010
96914272,8/17/2010
96907086,11/17/2009
96890582,9/16/2002
96875080,5/8/2006
96872283,10/27/2009
96864811,9/11/2012
96851799,8/3/2002
96782886,10/9/2008
96765646,11/14/2007
96729612,11/17/2009
96704018,9/11/2012
96700602,8/17/2010
96682430,9/11/2012
96653775,11/16/2010
96631852,1/6/2005
96594609,
96565487,
96561011,1/1/2005
96553688,12/5/2009
96501677,1/3/2005
96474800,9/11/2012
96458440,1/6/2005
96457619,8/16/2011
96428622,6/8/2005
96427353,1/24/2012
96420087,1/12/2003
96384007,2/23/2010
96383838,11/15/2011
96381979,1/25/2013
96363153,11/16/2010
96355986,10/20/2002
96331676,5/16/2007
96316857,1/3/2004
96300057,11/30/2005
96287685,10/5/2011
96216229,10/9/2008
96182448,10/9/2008
96148285,5/16/2007
96099959,
96051150,1/25/2013
96029574,11/17/2009
96012004,7/5/2008
96008713,4/28/2006
96005454,8/15/2007
95992081,8/16/2011
95956346,9/16/2002
95952802,8/3/2002
95943058,11/14/2007
95920682,9/11/2012
95905259,1/24/2012
95888876,8/15/2007
95841282,10/10/2003
95789089,1/3/2005
95788410,11/15/2011
95784434,11/17/2009
95772051,9/11/2012
95750695,10/27/2009
95744531,9/16/2002
95727991,6/27/2002
95714077,8/16/2011
95701283,5/13/2006
95642274,9/11/2012
95638658,1/12/2003
95637655,
95621257,
95614612,1/3/2004
95600067,5/16/2007
95561280,11/15/2011
95526884,
95519486,1/3/2007
95515060,1/12/2003
95507060,11/17/2009
95492061,1/3/2004
95472621,1/3/2004
95466842,9/11/2012
95453143,
95451366,10/10/2003
95448692,11/15/2011
95443805,
95395761,1/24/2012
95362816,
95360850,10/9/2008
95352218,9/11/2012
95326659,5/16/2007
95308449,1/12/2003
95291684,8/17/2010
95288024,1/10/2002
95286165,1/3/2003
95281259,6/6/2003
95231062,8/16/2011
95220856,1/3/2003
95214051,1/3/2004
95204084,1/9/2009
95194279,1/3/2004
95178994,9/16/2002
95174353,9/16/2002
95169481,1/25/2013
95166228,8/15/2007
95144193,1/7/2002
95132338,2/20/2004
95096437,5/16/2007
95090813,12/5/2009
95084054,8/17/2010
95051344,9/16/2002
95027497,1/24/2012
95026693,5/16/2007
94944637,8/15/2007
94940436,1/4/2006
94905343,6/27/2002
94886282,10/9/2008
94878265,
94853057,5/13/2006
94845226,11/16/2010
94820406,11/14/2007
94804055,5/16/2007
94793422,1/12/2003
94773007,6/27/2002
94766498,
94739788,10/10/2003
94716515,
94689635,5/13/2006
94681654,
94675535,8/3/2002
94667532,1/3/2005
94664694,10/18/2008
94662235,11/17/2009
94656263,11/15/2011
94634433,10/18/2008
94626050,11/15/2011
94622638,
94585852,1/12/2003
94573223,1/24/2012
94568601,6/6/2003
94566432,12/26/2006
94538053,11/17/2009
94515289,
94484482,11/17/2009
94463200,1/12/2003
94425169,6/6/2003
94377247,1/3/2003
94374859,5/16/2007
94331452,8/2/2011
94303232,
94283662,1/24/2012
94256039,1/3/2004
94253609,5/13/2006
94243005,
94230224,8/2/2011
94215860,8/2/2011
94212438,1/3/2003
94203886,
94192409,1/1/2005
94163677,1/3/2003
94145683,12/5/2009
94119974,1/10/2002
94092230,
94079037,8/17/2010
94068856,11/17/2009
94042337,4/28/2006
94022093,4/28/2006
94004268,10/10/2003
93946239,11/5/2010
93920745,3/30/2003
93912845,10/18/2008
93895605,1/26/2008
93889755,6/27/2002
93882364,
93830681,11/15/2011
93816465,11/17/2009
93747864,1/6/2004
93730409,5/13/2006
93730230,8/28/2012
93717133,11/15/2011
93709215,
93671934,1/12/2003
93599951,1/3/2003
93554166,11/30/2005
93553943,8/3/2002
93543806,
93542102,10/18/2008
93506862,
93504463,11/15/2011
93469007,
93451636,1/24/2012
93431862,1/26/2008
93431518,11/30/2005
93396832,8/16/2011
93382620,7/18/2003
93379652,
93369354,1/9/2009
93353691,1/24/2012
93346024,6/6/2003
93343894,1/10/2002
93294869,5/17/2013
93260132,10/18/2008
93224848,1/4/2006
93221206,6/27/2002
93220472,6/6/2003
93217231,1/26/2008
93211836,
93187568,
93157004,
93151201,9/13/2008
93130021,5/13/2006
93108433,10/20/2002
93108297,9/16/2002
93107608,1/10/2004
93087299,
93023479,11/16/2010
93016201,6/6/2003
93013676,9/16/2002
92933195,
92924317,1/6/2004
92918648,8/28/2012
92901944,11/16/2010
92890308,10/18/2008
92887027,8/5/2012
92854392,1/12/2003
92826944,
92821268,
92784374,
92773018,1/26/2008
92755808,1/11/2004
92736188,5/15/2006
92720564,10/18/2008
92719314,1/26/2008
92676637,2/24/2009
92667214,1/6/2005
92661479,8/5/2012
92609670,
92595643,1/26/2008
92595545,11/15/2011
92572371,5/17/2013
92518817,5/13/2006
92450185,2/24/2009
92421852,6/6/2003
92408984,6/6/2003
92394653,6/6/2003
92377303,4/27/2004
92373006,11/14/2007
92361635,8/2/2011
92346415,
92223641,11/5/2010
92219931,11/30/2005
92142169,
92125819,8/5/2012
92084010,1/10/2004
92065772,
92035412,
92001300,1/4/2006
91998121,10/10/2003
91998120,10/10/2003
91998119,10/10/2003
91996584,9/16/2002
91989718,1/4/2006
91939608,1/3/2004
91932350,1/11/2004
91903221,8/5/2012
91895091,8/28/2012
91869203,1/3/2003
91862578,1/10/2004
91842653,9/16/2002
91822647,
91819979,1/18/2006
91798373,11/17/2009
91782219,9/16/2002
91781589,10/10/2003
91731841,
91711547,
91663373,4/11/2006
91662792,
91623717,4/11/2006
91607976,10/18/2008
91596726,1/26/2008
91595718,3/29/2002
91580102,2/16/2010
91559748,1/3/2004
91554542,
91512835,1/9/2004
91468551,2/16/2010
91438994,
91422370,1/24/2012
91351370,12/5/2009
91350799,5/17/2013
91349449,8/5/2012
91345518,1/6/2004
91279700,
91250514,11/14/2007
91188343,
91152258,3/29/2002
91152257,3/29/2002
91152256,3/29/2002
91148083,8/2/2011
91133740,12/5/2009
91123920,1/6/2004
91107093,11/5/2010
91078716,10/18/2008
91070115,11/14/2007
90980792,7/18/2003
90963488,8/3/2002
90960358,
90957527,11/14/2007
90953320,
90951921,8/28/2012
90934570,
90928333,1/10/2004
90925163,1/3/2003
90887783,8/5/2012
90876561,11/30/2005
90873992,10/20/2005
90846359,10/10/2003
90844184,4/28/2006
90810762,1/11/2004
90790253,1/12/2003
90743290,9/11/2012
90740329,1/10/2004
90727556,
90726340,8/5/2012
90673413,8/28/2012
90669991,10/10/2003
90660762,
90654356,5/8/2006
90642597,1/26/2008
90640901,1/24/2012
90616316,
90592429,8/16/2011
90582719,1/26/2008
90576781,11/17/2009
90557975,11/14/2007
90508760,9/6/2009
90502999,10/20/2002
90470931,8/16/2011
90464188,1/26/2008
90440725,4/11/2006
90434926,11/14/2007
90407382,1/6/2004
90397998,1/3/2007
90374791,11/30/2005
90357090,8/3/2002
90337190,1/3/2004
90330454,
90330453,
90311614,
90263923,11/5/2010
90246973,2/16/2010
90239723,12/5/2009
90238142,5/17/2013
90219263,6/27/2002
90200789,1/24/2012
90156158,
90147755,1/3/2003
90140980,1/10/2004
90135989,11/14/2007
90075978,10/5/2011
90020065,3/30/2003
90019393,
90011152,12/5/2009
89997728,1/6/2005
89959682,1/6/2004
89943723,5/8/2006
89914395,8/2/2011
89899996,5/8/2006
89893715,
89882100,8/5/2012
89810518,11/17/2009
89801755,1/10/2004
89792713,8/2/2011
89774530,8/28/2012
89739383,8/28/2012
89731911,1/8/2004
89718302,1/3/2005
89698120,1/11/2004
89631144,3/29/2002
89631143,3/29/2002
89631142,3/29/2002
89631141,3/29/2002
89631140,3/29/2002
89631139,3/29/2002
89628781,1/10/2004
89621922,5/8/2006
89609515,
89567993,8/17/2010
89563150,
89547299,10/18/2008
89529919,1/26/2008
89521713,9/11/2012
89494469,3/29/2002
89405199,1/10/2004
89386122,
89333528,
89312388,
89310929,
89272878,6/27/2002
89258906,11/5/2010
89258225,6/6/2003
89252153,1/13/2006
89235196,1/25/2011
89222931,1/4/2006
89211486,
89194103,
89194033,10/19/2010
89181369,8/2/2011
89127526,8/2/2011
89112729,6/27/2002
89111398,7/18/2003
89091579,8/3/2002
89086566,
89041555,1/12/2003
89040386,11/5/2010
88989706,7/18/2003
88979991,6/27/2002
88975532,1/11/2004
88958576,
88942504,
88928798,11/5/2010
88845345,8/17/2010
88820235,5/13/2006
88819587,3/30/2003
88789641,1/10/2004
88760522,8/5/2012
88754763,
88753985,1/11/2004
88733579,10/20/2002
88696724,1/3/2005
88686573,9/11/2012
88671720,
88650530,
88643579,
88619463,1/8/2004
88616795,8/28/2012
88559132,
88552992,8/28/2012
88513608,1/25/2011
88494899,
88472456,1/3/2003
88438982,
88409165,9/11/2012
88369727,8/2/2011
88361177,
88341502,
88307361,1/26/2008
88305978,8/2/2011
88301833,2/16/2010
88289295,2/16/2010
88283496,8/2/2011
88279736,3/30/2003
88264978,
88240808,1/11/2004
88236094,1/6/2004
88205593,11/15/2011
88190790,
88190453,1/4/2006
88132637,6/6/2003
88095331,1/24/2012
88089103,1/10/2004
88071625,
88069166,8/2/2011
88032368,11/5/2010
87997872,1/8/2004
87978805,1/4/2006
87973893,1/24/2012
87910978,1/6/2005
87902575,1/9/2009
87890143,8/28/2012
87880531,10/10/2003
87836938,
87798440,1/26/2008
87774234,1/8/2004
87756343,6/27/2002
87751584,1/3/2005
87685879,1/26/2008
87649699,
87624166,1/9/2009
87622767,8/17/2010
87621407,1/11/2004
87614611,10/5/2011
87608852,8/28/2012
87564935,9/11/2012
87564352,6/27/2002
87557188,3/29/2002
87526784,8/16/2011
87523462,1/11/2004
87514539,1/3/2007
87511987,10/20/2002
87483942,11/15/2011
87473172,1/3/2005
87430998,8/3/2002
87430304,8/28/2012
87390067,4/31/2011
87350908,4/1/2007
87347365,8/28/2012
87340664,1/6/2004
87322378,6/27/2002
87322377,6/27/2002
87319876,11/5/2010
87303357,1/3/2003
87292536,1/9/2009
87259077,
87257460,4/11/2006
87210505,6/22/2004
87151205,8/5/2012
87106146,11/5/2010
87102774,7/5/2008
87047074,8/5/2012
87046457,12/5/2009
87043568,11/5/2010
87010442,1/6/2004
87008374,8/28/2012
86997073,10/5/2011
86988864,1/6/2004
86952477,
86915847,
86871614,
86848580,5/17/2013
86840720,
86827882,8/2/2011
86825483,8/5/2012
86821010,11/5/2010
86805855,1/11/2004
86804246,8/16/2011
86801871,7/18/2003
86780027,1/9/2009
86778566,8/28/2012
86742443,5/8/2006
86690572,8/16/2011
86676862,1/26/2008
86652646,1/10/2004
86585274,8/28/2012
86569121,1/3/2003
86555018,8/28/2012
86498013,1/12/2003
86474024,8/16/2011
86445415,1/17/2007
86442081,1/3/2007
86361354,11/15/2011
86346643,1/26/2008
86325596,3/29/2002
86321248,1/17/2007
86318356,3/29/2002
86281779,1/3/2003
86229493,1/3/2007
86223870,
86209650,4/11/2006
86198326,10/20/2002
86197239,11/5/2010
86188410,11/30/2005
86174055,
86164529,12/26/2006
86137485,
86100785,12/26/2006
86099788,1/3/2003
86088138,6/27/2002
86039057,8/5/2012
86016245,9/6/2009
85936485,10/10/2003
85909450,5/17/2013
85876417,
85854214,1/26/2008
85852291,8/2/2006
85839825,
85802526,1/3/2003
85775486,10/5/2011
85771019,
85754829,
85742772,1/10/2003
85718645,11/16/2010
85709845,8/5/2012
85705804,8/3/2002
85684223,7/18/2003
85682655,8/16/2011
85668449,1/9/2009
85639257,3/30/2003
85605684,1/12/2003
85602018,3/29/2002
85562745,7/18/2003
85541675,11/16/2010
85520851,10/20/2006
85519211,1/6/2005
85507811,1/3/2007
85505315,
85489096,1/12/2003
85475641,11/5/2010
85448931,12/5/2008
85446833,1/25/2013
85431040,12/5/2009
85399281,1/3/2007
85359414,10/10/2003
85326399,8/3/2002
85313220,4/11/2006
85306040,6/8/2005
85239662,1/25/2013
85215458,12/5/2009
85166216,1/6/2004
85138716,11/15/2011
85101228,12/5/2009
85087012,7/2/2007
85080048,10/9/2008
85066822,11/30/2005
85060248,10/9/2008
85028288,
84990171,1/7/2002
84970821,1/3/2004
84968490,10/9/2008
84962466,8/17/2010
84932271,
84926738,6/27/2002
84914462,10/5/2011
84905691,
84877802,5/17/2013
84847656,10/9/2008
84824601,10/18/2008
84814897,10/10/2003
84808313,10/20/2006
84766279,
84749824,8/17/2010
84747429,8/16/2011
84740193,7/18/2003
84696266,10/10/2003
84686841,8/3/2002
84653834,10/5/2011
84650463,9/11/2012
84636823,10/10/2003
84620194,10/20/2002
84613836,11/14/2007
84592800,12/5/2009
84569017,8/16/2011
84550200,1/6/2004
84530620,8/28/2012
84491298,11/14/2007
84488827,
84478195,4/11/2006
84451804,6/8/2005
84430950,1/3/2005
84428023,11/16/2010
84397023,1/6/2005
84389640,12/5/2009
84385264,1/3/2007
84361420,7/2/2007
84327329,1/6/2005
84313685,
84290642,4/11/2006
84285623,10/20/2005
84257640,3/30/2003
84257639,3/30/2003
84243274,11/30/2005
84220251,1/25/2013
84206435,11/16/2010
84177693,1/3/2007
84173492,6/8/2005
84136000,8/2/2006
84117021,1/25/2013
84080939,1/3/2003
84080938,1/3/2003
84055227,10/9/2008
83994646,10/20/2002
83991690,8/5/2012
83986578,7/18/2003
83982270,11/14/2007
83968380,1/3/2003
83965310,8/29/2007
83957459,8/17/2010
83903521,10/9/2008
83887306,3/29/2002
83831356,10/5/2011
83812099,8/15/2007
83810690,
83778600,11/14/2007
83764996,6/6/2003
83764719,3/30/2003
83764718,3/30/2003
83746708,1/3/2003
83682725,10/20/2006
83675475,1/6/2005
83604828,11/14/2007
83602069,10/18/2008
83584898,11/16/2010
83555667,7/18/2003
83555666,7/18/2003
83546647,11/17/2009
83544697,
83500096,
83467607,2/16/2010
83446909,7/5/2008
83438826,9/11/2012
83392426,2/16/2010
83370323,12/5/2009
83274244,
83272895,5/17/2013
83269557,7/5/2008
83266092,12/5/2009
83258273,1/3/2004
83241722,1/12/2003
83239739,10/9/2008
83235263,6/8/2005
83228073,1/6/2004
83225447,6/27/2002
83135907,8/17/2010
83133491,1/3/2004
83121692,11/30/2005
83108603,1/25/2013
83104731,1/6/2005
83061014,1/24/2012
83039729,1/3/2007
83027236,8/17/2010
83021423,
83011278,1/10/2003
83011277,1/10/2003
82999629,9/16/2002
82994509,10/18/2008
82971335,11/17/2009
82944432,1/24/2012
82888408,
82878489,11/17/2009
82841979,10/9/2008
82828051,1/6/2004
82760689,11/14/2007
82732705,1/12/2003
82705573,1/6/2004
82693917,11/17/2009
82693042,12/5/2009
82670878,2/16/2010
82642348,7/18/2003
82639107,8/15/2007
82633308,10/9/2008
82593786,1/25/2013
82579942,8/28/2012
82542267,8/3/2002
82529174,1/12/2003
82498947,
82482194,1/6/2005
82458280,2/16/2010
82452993,1/6/2005
82432018,1/3/2003
82422049,
82386016,1/25/2013
82382815,11/15/2011
82377606,
82361206,11/16/2010
82340056,2/16/2010
82324312,7/5/2008
82324105,11/17/2009
82315772,1/25/2013
82301904,1/3/2004
82293134,1/25/2013
82263578,1/25/2013
82260502,1/6/2005
82199284,
82116191,10/18/2008
82112775,6/8/2005
82108372,1/12/2003
82099401,8/15/2007
82085619,1/7/2002
82065276,1/7/2002
82052602,
82050203,5/17/2013
82035781,1/10/2004
82012319,8/17/2010
82005435,1/6/2004
82003859,9/16/2002
81985784,1/12/2003
81977953,8/15/2007
81962318,
81933259,
81919143,4/1/2007
81913510,8/15/2007
81896771,8/17/2010
81896370,5/13/2006
81873903,11/15/2011
81866673,5/8/2006
81863068,9/16/2002
81846636,
81843628,1/11/2004
81820689,3/29/2002
81816475,8/5/2012
81791932,8/15/2007
81777047,9/16/2002
81759748,11/17/2009
81756897,
81755371,8/15/2007
81674782,5/13/2006
81661951,
81601517,11/17/2009
81587028,
81566151,5/8/2006
81524977,
81510157,11/14/2007
81489939,11/17/2009
81480460,6/27/2002
81471108,1/25/2013
81443745,11/15/2011
81439173,10/24/2007
81434470,8/15/2007
81426505,8/2/2011
81386177,6/27/2002
81385346,6/6/2003
81383947,1/6/2004
81380218,9/16/2002
81336148,2/16/2010
81332143,
81325903,10/10/2003
81306586,1/11/2004
81278754,
81275309,
81254059,
81218874,
81210420,10/20/2002
81197327,8/2/2006
81191584,5/16/2007
81172176,6/6/2003
81167171,9/3/2006
81128478,2/16/2010
81122844,1/24/2012
81066751,
81059524,
81057959,3/29/2002
81020646,
81020140,5/16/2007
81003500,5/13/2006
81000306,1/24/2012
80987696,10/18/2008
80955168,10/18/2008
80925836,12/5/2009
80921533,5/8/2006
80908502,5/16/2007
80887952,3/18/2006
80887714,1/24/2012
80885324,10/18/2008
80863132,1/10/2004
80825553,11/14/2007
80811661,9/16/2002
80770678,3/30/2003
80769747,10/18/2008
80744121,5/8/2006
80741828,6/27/2002
80727721,
80723580,10/18/2008
80678380,8/15/2007
80651316,11/15/2011
80637190,11/17/2009
80604092,3/29/2002
80604091,3/29/2002
80555116,
80551130,5/13/2006
80549379,
80538728,11/15/2011
80513550,2/16/2010
80495985,11/15/2011
80457744,1/25/2011
80441106,1/12/2003
80402389,
80368942,8/15/2007
80367387,11/5/2010
80344569,1/3/2007
80321197,1/25/2013
80316585,
80304126,
80280737,
80244114,8/2/2011
80234301,10/20/2005
80233946,7/18/2003
80208158,
80204957,8/2/2011
80193355,10/10/2003
80186010,5/16/2007
80168720,9/16/2002
80163754,6/6/2003
80161395,1/6/2004
80159717,
80141480,6/27/2002
80108118,9/6/2009
80102359,12/5/2009
80075749,8/2/2006
80071763,6/6/2003
80045583,1/4/2006
80036543,8/2/2011
80032567,
79979666,6/8/2005
79972330,8/5/2012
79965360,8/17/2010
79875176,1/6/2005
79870141,10/20/2002
79867938,5/17/2013
79856792,8/15/2007
79853073,4/27/2004
79852326,1/26/2008
79850798,8/5/2012
79816536,8/15/2007
79814787,10/18/2008
79798060,11/17/2009
79796561,11/16/2010
79785958,
79766336,10/9/2008
79759861,6/27/2002
79759367,5/17/2013
79718768,10/5/2011
79707116,10/18/2008
79703905,11/14/2007
79649195,1/6/2004
79629370,1/10/2002
79580323,11/14/2007
79575620,6/6/2003
79571449,3/30/2003
79569173,10/20/2006
79544790,
79491903,2/16/2010
79473793,1/9/2009
79444933,7/5/2008
79418153,11/16/2010
79409334,5/8/2006
79407975,1/26/2008
79337169,1/26/2010
79335209,1/3/2004
79333300,6/8/2005
79323590,9/16/2002
79279397,11/15/2011
79229522,
79206750,1/25/2013
79205581,1/26/2010
79185500,
79182538,1/3/2004
79178930,11/16/2010
79161790,2/16/2010
79155167,1/24/2012
79109599,1/6/2004
79080761,12/5/2009
79068663,10/9/2008
78986941,1/6/2004
78984772,10/20/2002
78933589,1/24/2012
78922939,10/5/2011
78910579,8/5/2012
78868776,11/14/2007
78868119,12/5/2009
78864369,1/6/2004
78845026,10/9/2008
78811937,1/24/2012
78794994,8/15/2007
78792195,10/9/2008
78783370,7/18/2003
78780140,6/27/2002
78734254,8/15/2007
78706415,6/6/2003
78700060,
78697395,1/6/2004
78663366,
78658564,10/20/2002
78651105,
78637313,12/5/2008
78636495,4/27/2004
78613627,1/3/2004
78586116,10/5/2011
78577570,4/28/2006
78564023,11/16/2010
78552773,2/16/2010
78512663,8/15/2007
78486968,
78474168,1/25/2013
78423643,10/20/2002
78422252,1/9/2009
78387742,5/8/2006
78371393,1/26/2008
78364470,
78349103,2/23/2010
78275321,2/16/2010
78266168,7/18/2003
78243409,1/3/2004
78211862,6/8/2005
78193832,10/20/2002
78193831,10/20/2002
78156759,11/15/2011
78121572,2/16/2010
78082039,
78060096,1/3/2004
78053598,1/11/2004
78033100,8/5/2012
78010363,6/27/2002
78009994,2/16/2010
77972406,8/15/2007
77936940,6/9/2007
77910045,6/6/2003
77901552,8/5/2012
77876207,7/18/2003
77864539,10/5/2011
77859858,8/15/2007
77847678,8/2/2011
77841719,
77827521,8/3/2002
77778835,12/7/2006
77754945,4/27/2004
77754944,4/27/2004
77700347,10/5/2011
77642288,11/14/2007
77631175,
77625948,4/11/2006
77622396,3/30/2003
77608643,5/13/2006
77600660,1/9/2009
77585514,10/20/2002
77585513,10/20/2002
77584012,1/9/2009
77565204,5/8/2006
77561728,7/18/2003
77542832,
77538567,9/18/2007
77527210,1/3/2003
77506119,8/17/2010
77491079,1/3/2004
77454922,10/20/2005
77414722,1/1/2005
77372241,
77334267,1/24/2012
77330185,2/16/2010
77252217,1/4/2006
77229910,
77207191,2/16/2010
77153811,2/16/2010
77135531,12/5/2009
77121851,1/3/2004
77098449,1/24/2012
77087109,10/5/2011
77084837,6/6/2003
77060848,8/2/2011
77044671,1/11/2004
77036039,
77027445,8/3/2002
77007920,8/3/2002
76986005,5/13/2006
76972801,1/24/2012
76925842,1/26/2008
76922029,7/18/2003
76913983,12/5/2009
76909279,1/3/2004
76908448,
76902476,5/17/2013
76895648,7/5/2008
76891401,12/5/2009
76865611,10/5/2011
76862289,6/6/2003
76848240,7/18/2003
76812113,6/27/2002
76806714,9/16/2002
76792184,
76775123,1/3/2003
76774528,8/17/2010
76763417,5/13/2006
76754619,7/18/2003
76721030,8/2/2011
76714458,12/5/2009
76683171,
76650663,
76641981,10/5/2011
76614340,
76614003,
76573247,4/11/2006
76539047,1/3/2005
76532077,7/18/2003
76520646,11/14/2007
76515293,1/11/2004
76459806,5/16/2007
76446915,6/27/2002
76442616,
76442347,9/11/2012
76419637,
76407432,
76384284,
76372778,
76348260,8/2/2011
76321376,1/6/2005
76305638,1/3/2003
76297408,6/6/2003
76263644,7/5/2008
76232340,
76224717,8/28/2012
76218643,2/16/2010
76214441,
76211194,8/3/2002
76203291,1/26/2008
76202610,1/24/2012
76184692,8/3/2002
76137614,3/30/2009
76137276,8/15/2007
76103675,8/3/2002
76080032,1/24/2012
76075810,6/6/2003
76052811,7/18/2003
76039636,1/4/2006
75991898,
75987257,8/5/2012
75967082,7/5/2008
75953262,6/6/2003
75946257,1/3/2004
75937826,
75923050,6/6/2003
75917088,1/4/2006
75889523,1/6/2005
75886890,
75833426,8/28/2012
75830094,1/10/2004
75797045,
75782277,1/11/2004
75779210,
75775867,
75745607,6/6/2003
75733063,10/5/2011
75732622,1/26/2008
75675029,11/5/2010
75652080,8/17/2010
75646520,10/20/2002
75622824,10/9/2008
75620895,9/11/2012
75582395,1/10/2002
75574498,
75560629,1/11/2004
75559356,1/7/2002
75525309,10/5/2011
75524092,1/26/2008
75500286,
75498415,
75487237,1/6/2005
75434695,
75417459,1/3/2005
75392615,1/11/2004
75376965,8/3/2002
75375465,1/12/2003
75372290,1/9/2004
75363626,8/28/2012
75356564,8/3/2002
75347539,4/15/2003
75326861,
75285069,7/18/2003
75252099,11/5/2010
75209824,1/6/2005
75198893,
75180828,5/17/2013
75162696,11/17/2009
75141056,7/5/2008
75132317,1/25/2013
75116619,8/2/2011
75109441,7/18/2003
75105429,11/5/2010
75064463,5/16/2007
75043725,1/6/2004
75041269,5/13/2006
75014062,3/30/2009
74983881,1/24/2012
74976215,
74968065,
74952447,11/5/2010
74923978,10/20/2002
74860293,1/6/2010
74854609,8/5/2012
74852810,
74848038,1/11/2004
74845897,1/9/2009
74841885,5/16/2007
74825788,5/13/2006
74823665,1/3/2004
74741494,7/5/2008
74730899,11/5/2010
74717840,8/17/2010
74713516,1/10/2004
74711057,
74703140,6/27/2002
74701381,10/20/2002
74694807,1/3/2005
74677425,1/1/2005
74677424,1/1/2005
74677423,1/1/2005
74677422,1/1/2005
74657662,
74641045,8/28/2012
74637266,9/16/2002
74611888,8/28/2012
74593218,9/11/2012
74591968,1/10/2004
74576482,11/17/2009
74519184,1/26/2008
74509280,
74506079,
74458486,1/11/2004
74440055,10/18/2008
74439492,8/17/2010
74416224,11/15/2011
74402414,1/26/2008
74388798,1/3/2005
74371660,9/11/2012
74367458,1/12/2003
74364659,1/6/2005
74329404,7/5/2008
74311226,
74298287,1/25/2013
74294676,11/15/2011
74270067,1/11/2004
74191942,9/16/2002
74168099,1/25/2013
74157028,6/8/2005
74153887,1/12/2003
74137509,10/29/2002
74131780,6/6/2003
74130411,11/5/2010
74117290,1/3/2007
74115234,10/9/2008
74095602,1/3/2007
74094021,8/2/2011
74093656,5/8/2008
74064212,
74029853,7/5/2008
74010769,1/25/2013
73964868,
73915051,3/30/2003
73899015,8/15/2007
73891874,12/26/2006
73879377,1/10/2004
73872164,1/3/2007
73853830,11/17/2009
73837870,1/9/2009
73787254,11/5/2010
73783043,
73778008,9/11/2012
73776643,9/11/2012
73752131,10/10/2003
73729209,1/9/2009
73702909,8/28/2012
73698349,10/10/2003
73680966,1/26/2008
73665146,1/9/2005
73659078,9/11/2012
73648243,1/4/2006
73632127,8/5/2012
73628505,7/18/2003
73625877,8/16/2011
73599290,8/28/2012
73580471,10/18/2008
73578229,1/3/2005
73574678,10/10/2003
73551138,
73544866,1/12/2003
73507661,1/9/2009
73483491,
73481154,3/29/2002
73431236,1/12/2003
73428497,8/28/2012
73417207,10/5/2011
73414375,10/10/2003
73398797,10/10/2003
73356503,4/11/2006
73333463,
73318863,11/5/2010
73285669,10/5/2011
73219648,1/12/2003
73216412,1/3/2003
73206827,7/5/2008
73199638,
73178098,11/15/2011
73148972,7/3/2007
73146473,7/5/2008
73134082,1/3/2003
73134081,1/3/2003
73125233,5/16/2007
73081602,9/16/2002
73079365,10/20/2002
73061465,
73051941,8/3/2002
73048641,1/6/2010
73040500,
73026394,7/3/2007
73018302,11/5/2010
73001017,1/3/2004
72992744,1/9/2009
72989439,1/3/2004
72929454,12/20/2002
72926163,10/5/2011
72903645,5/16/2007
72896720,11/5/2010
72892473,3/29/2002
72885174,1/9/2009
72881007,5/16/2007
72845813,
72842870,8/3/2002
72767833,10/18/2008
72714392,1/9/2009
72710085,5/17/2013
72709014,1/4/2006
72677437,8/15/2007
72657739,1/10/2004
72634965,4/11/2006
72631243,11/17/2009
72630549,10/10/2003
72580321,8/28/2012
72575145,10/10/2003
72563071,10/5/2011
72549351,
72446038,1/3/2007
72443568,1/9/2005
72429240,
72405967,7/18/2003
72403299,8/16/2011
72355441,11/15/2011
72345736,1/26/2008
72328962,
72302403,8/3/2002
72287557,11/30/2005
72278479,4/31/2011
72258771,12/5/2009
72237166,8/4/2008
72204747,7/2/2007
72192100,1/12/2003
72150572,1/3/2007
72144675,
72142276,
72056560,
72053645,9/16/2002
72029628,
71983925,1/6/2004
71971554,9/6/2009
71950093,9/13/2008
71930383,6/8/2005
71923655,5/17/2013
71870152,1/9/2009
71829750,6/6/2003
71799173,7/5/2008
71786742,8/16/2011
71759912,12/5/2009
71717923,8/15/2007
71652522,1/9/2009
71645242,10/18/2008
71628381,10/9/2008
71625222,3/30/2003
71616908,
71594310,
71587526,1/4/2006
71564252,
71564150,8/16/2011
71544954,1/6/2005
71541986,1/25/2013
71519605,11/17/2009
71490127,6/8/2005
71466592,1/3/2003
71453557,10/10/2003
71438011,
71417170,11/16/2010
71413901,10/10/2003
71411377,4/11/2006
71407486,8/3/2002
71395725,4/11/2006
71353388,11/16/2010
71341529,11/15/2011
71315423,
71283180,1/11/2004
71280811,12/20/2002
71272951,10/9/2008
71249758,11/16/2010
71233859,11/15/2011
71218746,6/8/2005
71209500,8/17/2010
71203602,
71200730,1/12/2003
71181155,11/18/2006
71107816,6/27/2002
71106375,
71098407,5/17/2013
71071546,1/25/2013
71068263,12/20/2002
71068247,5/17/2013
71060915,11/30/2005
71044499,10/20/2002
70969517,
70948327,11/30/2005
70946699,5/17/2013
70908596,
70903634,8/3/2002
70902743,10/9/2008
70875955,5/17/2013
70865988,1/4/2006
70861343,1/6/2004
70832512,8/16/2011
70828912,10/20/2002
70821187,1/6/2004
70797118,6/6/2003
70791313,10/10/2003
70781055,6/27/2002
70781054,6/27/2002
70781053,6/27/2002
70781052,6/27/2002
70780151,10/9/2008
70681994,8/3/2002
70676581,7/5/2008
70655556,1/25/2013
70630741,11/16/2010
70624184,
70595331,8/15/2007
70423794,10/18/2008
70406920,2/16/2010
70391588,11/16/2010
70368879,9/16/2002
70355994,1/25/2013
70345785,12/20/2002
70344351,1/3/2003
70342110,
70329348,1/25/2013
70307656,7/18/2003
70284332,2/16/2010
70278545,6/8/2005
70261145,
70231910,10/10/2003
70194827,8/5/2012
70187958,8/17/2010
70156997,6/8/2005
70138455,6/27/2002
70101178,5/17/2013
70095155,6/8/2005
70095154,6/8/2005
70089580,5/17/2013
70083723,
70074904,1/10/2004
70054514,1/9/2009
70050374,10/9/2008
70046172,3/30/2003
69954399,1/3/2003
69937550,5/16/2007
69933858,10/28/2005
69931927,1/9/2009
69884162,8/15/2007
69846323,8/16/2011
69832741,1/3/2003
69831560,7/5/2008
69750546,5/16/2007
69750536,1/7/2002
69724380,5/16/2007
69695704,12/5/2009
69633792,1/24/2012
69632396,1/4/2006
69584564,10/18/2008
69579761,10/10/2003
69572169,8/16/2011
69572024,6/27/2002
69542930,1/3/2004
69537999,5/16/2007
69529567,8/17/2010
69514125,10/9/2008
69488544,10/27/2009
69461394,
69456283,10/10/2003
69455834,6/27/2002
69448290,
69408987,11/17/2009
69402394,
69380702,11/15/2011
69320362,8/16/2011
69313735,1/12/2003
69303178,5/13/2006
69296555,6/6/2003
69293721,9/11/2012
69279219,10/10/2003
69270537,11/14/2007
69257165,9/11/2012
69247929,1/3/2007
69243953,1/12/2003
69243722,11/15/2011
69207766,1/24/2012
69196160,1/3/2004
69176131,11/15/2011
69162969,1/3/2005
69155991,8/2/2011
69140099,1/3/2003
69140098,1/3/2003
69123138,
69122763,1/3/2003
69112325,11/17/2009
69091732,5/16/2007
69069911,
69042950,8/16/2011
69035382,1/12/2003
69031175,
69025477,1/3/2007
69023354,1/24/2012
69015963,7/27/2005
69000994,
68937720,5/17/2013
68933343,8/2/2011
68881649,11/30/2005
68875140,5/16/2007
68815401,5/16/2007
68809475,1/9/2009
68786330,11/17/2009
68774379,1/4/2006
68762510,8/15/2007
68745629,
68722455,10/18/2008
68670547,10/18/2008
68663748,11/17/2009
68658728,6/27/2002
68638985,12/20/2002
68597372,8/16/2011
68543408,11/17/2009
68540059,3/6/2003
68540058,3/6/2003
68516705,6/27/2002
68505803,
68473226,12/5/2009
68462976,10/18/2008
68456353,11/16/2010
68450517,11/16/2010
68427465,1/12/2003
68401546,12/20/2002
68400115,1/3/2003
68396778,11/17/2009
68392533,10/9/2008
68366996,10/27/2009
68339286,12/26/2006
68334074,10/10/2003
68319538,
68304813,1/12/2003
68280530,5/13/2006
68226653,
68215963,5/16/2007
68191243,1/12/2003
68184115,1/24/2012
68171737,12/26/2006
68170903,6/6/2003
68167124,11/15/2011
68144350,5/17/2013
68140974,
68124775,8/16/2011
68120130,11/15/2011
68087897,1/9/2009
68073522,1/3/2004
68057622,10/10/2003
68054593,11/15/2011
68049471,1/3/2003
68007326,1/3/2004
68005187,3/29/2002
67987611,10/10/2003
67987302,2/16/2010
67985943,
67964209,1/9/2009
67959180,12/20/2002
67957315,6/6/2003
67951831,1/4/2006
67934141,1/10/2004
67922702,5/17/2013
67904682,1/24/2012
67829249,1/4/2006
67779172,11/5/2010
67775894,8/16/2011
67757079,12/5/2009
67750322,11/16/2010
67724379,3/29/2002
67723438,10/9/2008
67692580,
67688478,
67675300,9/11/2012
67646312,5/13/2006
67630339,10/18/2008
67629977,6/27/2002
67559101,
67532912,10/20/2002
67511500,8/5/2012
67494157,6/27/2002
67483216,
67468948,5/13/2006
67464807,1/6/2004
67445676,11/15/2011
67441435,11/16/2010
67371383,1/3/2003
67328336,10/5/2011
67316075,8/1/2008
67300516,
67284908,9/16/2002
67270095,10/18/2008
67234805,11/16/2010
67232306,11/15/2011
67227834,11/14/2007
67223587,1/26/2008
67211766,8/2/2011
67196946,
67169062,11/30/2005
67159705,1/26/2008
67111213,
67105242,1/3/2003
67095270,6/8/2005
67049542,10/20/2002
67048711,1/6/2004
67045174,1/26/2008
67038874,11/16/2010
67030233,2/16/2010
66989694,1/3/2003
66973070,
66957584,11/5/2010
66947414,11/30/2005
66927994,10/20/2002
66926224,1/6/2004
66889139,8/3/2002
66865880,
66853752,9/11/2012
66835946,11/5/2010
66818682,2/16/2010
66816282,11/16/2010
66789970,8/5/2012
66788016,1/3/2004
66742250,1/6/2004
66729231,
66719324,10/20/2002
66712593,1/10/2004
66707058,11/14/2007
66690411,1/10/2004
66672569,3/29/2002
66661678,
66607691,1/4/2006
66602787,6/27/2002
66526672,1/6/2004
66523544,8/28/2012
66518841,10/18/2008
66516792,9/16/2002
66506689,
66499018,8/5/2012
66457407,10/18/2008
66436257,1/26/2008
66399675,
66395299,10/18/2008
66378485,
66362965,10/20/2002
66337215,10/24/2007
66331855,10/18/2008
66288028,2/24/2009
66235877,6/6/2003
66214679,1/26/2008
66200210,5/17/2013
66165755,11/16/2010
66100045,1/26/2008
66094973,
66084673,5/17/2013
66073051,1/6/2004
66066482,8/5/2012
65984457,11/14/2007
65961683,
65961085,5/17/2013
65957473,1/6/2004
65884091,
65878864,1/10/2004
65844845,8/5/2012
65830223,7/18/2003
65824822,11/30/2005
65810489,7/18/2003
65758454,
65743242,1/26/2008
65703851,10/5/2011
65685470,11/14/2007
65659181,
65622692,10/10/2003
65612454,11/5/2010
65570596,9/16/2002
65549080,
65503206,11/16/2010
65496056,2/16/2010
65475294,1/3/2003
65458948,3/30/2003
65450690,4/11/2006
65422840,11/17/2009
65403020,1/6/2004
65396880,10/10/2003
65393205,
65384019,1/26/2008
65367484,1/24/2012
65301952,8/28/2012
65287621,1/3/2004
65282484,
65277087,
65260293,1/11/2004
65240384,1/11/2004
65196094,2/16/2010
65192027,1/26/2008
65169794,3/30/2003
65156847,
65150219,1/24/2012
65149697,
65079854,12/5/2009
65064143,1/3/2004
65026212,11/17/2009
64990807,11/5/2010
64973456,2/16/2010
64952266,12/5/2009
64926005,
64910482,10/5/2011
64898834,10/5/2011
64892035,8/5/2012
64815084,1/24/2012
64801562,6/6/2003
64788463,11/30/2005
64752646,1/3/2003
64751286,1/10/2004
64734921,1/6/2004
64734090,11/15/2011
64697231,7/18/2003
64689404,8/28/2012
64681432,
64681263,10/5/2011
64662453,
64631466,3/30/2003
64627453,12/5/2009
64599569,5/8/2006
64550682,10/5/2011
64514622,8/5/2012
64501875,6/27/2002
64500000,10/10/2003
64463828,11/14/2007
64437633,
64428736,
64398890,1/3/2007
64389297,9/16/2002
64382839,
64379430,1/26/2008
64342551,1/3/2004
64335805,3/6/2003
64335804,3/6/2003
64332231,8/5/2012
64306248,1/3/2004
64274292,10/10/2003
64271667,12/26/2006
64268668,4/11/2006
64262809,11/14/2007
64238008,4/11/2006
64187086,11/17/2009
64160836,
64145892,1/24/2012
64107820,8/16/2011
64047146,9/16/2002
64038662,1/24/2012
64034255,
63995093,1/11/2004
63977008,5/8/2008
63948258,
63942761,
63806265,7/5/2008
63804806,5/19/2009
63789924,6/6/2003
63749102,1/9/2005
63741331,11/14/2007
63703130,5/13/2006
63695531,7/18/2003
63689843,10/20/2002
63676256,10/5/2011
63665875,1/26/2008
63665606,11/5/2010
63630268,
63612442,
63595262,8/17/2010
63571750,7/18/2003
63545861,
63519819,
63516460,4/11/2006
63487632,
63485233,8/16/2011
63477921,5/8/2006
63468625,
63465535,2/16/2010
63442604,10/10/2003
63394872,4/11/2006
63391643,10/31/2003
63356631,1/3/2005
63323539,4/11/2006
63308047,8/3/2002
63259351,5/8/2006
63253763,
63224564,8/2/2011
63223467,10/18/2008
63223260,
63211608,
63193536,1/24/2012
63176202,1/3/2007
63175639,1/25/2013
63162310,9/16/2002
63142001,1/6/2005
63120904,1/3/2004
63102017,3/30/2003
63101919,10/18/2008
63035430,6/8/2005
63018132,6/6/2003
63018036,12/5/2009
63014935,7/5/2008
63012333,1/6/2004
62991886,10/9/2008
62980542,5/13/2006
62966332,6/6/2003
62953041,1/25/2013
62950604,10/5/2011
62896588,12/5/2009
62892347,7/5/2008
62878208,10/9/2008
62873545,11/25/2006
62868900,5/13/2006
62867251,10/20/2002
62784717,7/5/2008
62782218,2/16/2010
62762898,1/10/2002
62742651,1/9/2009
62729173,
62701967,
62651957,10/10/2003
62633180,1/3/2005
62560742,10/5/2011
62543393,1/3/2004
62499965,
62476815,8/16/2011
62476197,9/11/2012
62473983,7/18/2003
62472614,8/17/2010
62437709,5/8/2006
62437430,9/11/2012
62420419,1/6/2005
62397231,9/16/2002
62379337,
62340868,6/27/2002
62337487,10/20/2005
62327910,1/11/2004
62325062,10/10/2003
62315111,5/8/2006
62279055,1/3/2003
62271284,4/11/2006
62265044,
62180201,
62154416,5/8/2008
62113340,1/3/2005
62107981,
62107612,
62054060,1/3/2007
62007535,
61968753,6/8/2005
61962135,7/5/2008
61864793,8/17/2010
61854111,8/3/2002
61850482,11/30/2005
61844784,6/6/2003
61840587,7/5/2008
61831093,
61807040,8/5/2012
61802346,
61777313,8/2/2011
61757117,11/17/2009
61740673,10/20/2002
61737116,10/5/2011
61705417,10/20/2002
61656650,10/9/2008
61650133,8/17/2010
61632317,10/9/2008
61623148,1/26/2008
61622107,6/6/2003
61592395,9/11/2012
61587183,1/12/2003
61538782,11/14/2007
61528025,9/16/2002
61505339,1/11/2004
61468779,8/28/2012
61454890,4/28/2006
61441708,1/3/2005
61411502,1/3/2005
61405855,2/28/2004
61380658,11/16/2010
61370518,1/12/2003
61344030,
61314842,9/11/2012
61254509,9/11/2012
61231400,1/25/2013
61204971,1/6/2005
61181383,1/6/2005
61175706,7/5/2008
61166988,1/3/2004
61132951,9/11/2012
61127349,10/10/2003
61068510,5/16/2007
61049315,
61044390,1/3/2004
61032879,5/8/2008
61019812,1/25/2013
61011311,11/15/2011
60999392,2/23/2010
60992364,1/25/2013
60953118,7/5/2008
60930169,10/9/2008
60912752,1/3/2004
60876124,5/16/2007
60866277,10/20/2002
60862676,6/27/2002
60806437,9/16/2002
60800381,5/8/2008
60764581,1/3/2004
60741115,8/17/2010
60728397,8/15/2007
60718396,1/9/2009
60694662,3/23/2006
60682203,10/20/2002
60668166,11/16/2010
60645181,8/28/2012
60634565,11/17/2009
60627999,7/5/2008
60577362,8/2/2011
60534585,8/17/2010
60530944,1/9/2009
60519422,10/10/2003
60493189,11/14/2007
60482781,1/11/2004
60470713,9/11/2012
60434101,
60417395,
60410769,10/9/2008
60406591,1/26/2008
60399954,7/5/2008
60398723,11/15/2011
60391791,10/10/2003
60369732,1/6/2005
60365591,1/12/2003
60316373,9/11/2012
60312997,8/17/2010
60258960,1/12/2003
60246171,6/8/2005
60234913,11/17/2009
60229110,1/3/2005
60222582,
60202749,9/11/2012
60187739,10/9/2008
60102563,1/3/2005
60082869,10/20/2002
60080151,9/11/2012
59983499,1/10/2002
59969392,1/9/2009
59965151,10/9/2008
59957503,9/11/2012
59907935,6/8/2005
59839761,12/5/2009
59834564,1/25/2013
59820352,1/3/2004
59811955,1/17/2007
59797187,10/9/2008
59793705,11/30/2005
59784896,9/16/2002
59771339,10/5/2011
59755122,
59744639,10/31/2003
59718521,10/9/2008
59699355,8/17/2010
59695933,10/9/2008
59644958,8/5/2012
59616123,12/5/2009
59593925,10/5/2011
59575539,10/9/2008
59563768,
59560625,10/20/2002
59546528,11/16/2010
59509952,11/17/2009
59482302,
59464593,8/2/2006
59388357,
59385322,1/9/2009
59383041,3/30/2003
59380081,1/3/2005
59371387,10/5/2011
59364406,10/10/2003
59344077,10/20/2002
59312550,
59297550,8/16/2011
59290628,7/18/2003
59258334,5/8/2006
59237154,1/6/2005
59235795,1/3/2007
59197169,3/30/2003
59170782,1/25/2013
59156966,11/16/2010
59070329,8/16/2011
59057152,1/25/2013
59053232,1/10/2002
59042331,12/5/2009
59023523,6/8/2005
58990631,12/5/2009
58932616,1/6/2005
58932615,1/6/2005
58924378,11/16/2010
58921041,10/31/2003
58911105,1/24/2012
58873391,10/9/2008
58861941,6/27/2002
58859575,11/30/2005
58851034,1/3/2004
58843503,10/9/2008
58831685,1/10/2003
58820853,
58818411,1/3/2003
58807980,8/17/2010
58775978,1/18/2006
58760121,
58712976,1/25/2013
58696829,1/3/2003
58685438,8/17/2010
58641905,8/2/2006
58628539,
58621589,10/20/2002
58607704,1/3/2004
58577036,7/18/2003
58554959,11/14/2007
58551308,9/16/2002
58538870,10/10/2003
58531587,9/11/2012
58528964,8/3/2002
58504745,5/17/2013
58494728,
58477767,8/17/2010
58475908,8/16/2011
58471134,9/11/2012
58453942,10/9/2008
58441120,
58419204,10/20/2006
58392024,1/6/2005
58332301,11/14/2007
58324930,11/16/2010
58314394,6/27/2002
58268433,1/3/2005
58258899,10/5/2011
58206034,4/11/2006
58192742,6/27/2002
58185394,6/8/2005
58165765,9/11/2012
58147549,8/16/2011
58132856,10/9/2008
58131925,1/25/2013
58120309,
58098303,4/11/2006
58071123,11/30/2005
58058134,1/25/2013
58054262,2/23/2010
58015506,1/6/2005
58012107,1/3/2007
57962537,1/24/2012
57953380,1/1/2005
57902462,7/5/2008
57902193,8/16/2011
57882509,1/3/2003
57844634,7/5/2008
57839750,9/16/2002
57836546,1/25/2013
57827484,8/15/2007
57793869,
57784563,1/24/2012
57782164,5/17/2013
57774843,7/5/2008
57753602,5/16/2007
57731460,10/9/2008
57728571,
57728570,
57666212,
57662975,1/24/2012
57617178,1/3/2004
57610714,11/14/2007
57585212,1/3/2004
57579381,1/3/2003
57568840,8/17/2010
57549932,8/15/2007
57543573,
57482479,1/11/2004
57441100,11/17/2009
57421866,11/17/2009
57409948,10/20/2002
57384901,11/14/2007
57355219,8/17/2010
57346400,5/13/2006
57308711,2/16/2010
57305373,8/3/2002
57281778,1/3/2004
57274196,11/17/2009
57272170,
57270476,1/6/2005
57238939,
57201737,11/16/2010
57182235,1/12/2003
57139487,1/3/2004
57116034,1/13/2006
57116033,1/13/2006
57115864,11/15/2011
57108202,12/5/2009
57103969,1/25/2013
57069605,1/12/2003
57062206,6/8/2005
57046845,1/3/2005
57043117,9/11/2012
57036718,
57019473,8/28/2012
57006589,11/14/2007
56995655,6/6/2003
56993276,11/15/2011
56981417,1/25/2013
56948373,1/3/2003
56931015,5/1/2009
56921677,1/25/2013
56916805,1/3/2004
56910167,
56907389,6/27/2002
56856951,2/16/2010
56840658,6/8/2005
56839613,7/5/2008
56830749,6/27/2002
56784842,7/5/2008
56769674,1/3/2004
56768355,
56747793,1/3/2003
56746202,8/17/2010
56704140,
56647086,1/3/2004
56641453,8/15/2007
56606928,
56605802,8/15/2007
56597272,11/14/2007
56594520,9/16/2002
56570271,
56535497,12/5/2009
56532632,8/17/2010
56524813,5/13/2006
56514812,10/9/2008
56511382,
56460688,1/12/2003
56433456,1/6/2004
56427559,
56413937,1/10/2002
56410040,
56399890,
56369281,6/6/2003
56339050,11/17/2009
56321639,9/11/2012
56286179,2/16/2010
56283725,8/3/2002
56260110,1/7/2002
56252810,
56246017,1/12/2003
56240989,1/24/2012
56223084,11/15/2011
56209279,11/17/2009
56174248,8/28/2012
56120475,1/12/2003
56105047,1/25/2013
56094445,1/6/2005
56074358,
56058888,1/6/2005
56052205,7/5/2008
56051648,11/17/2009
56043447,2/16/2010
56043446,2/16/2010
55998462,9/16/2002
55991637,6/6/2003
55985014,1/4/2006
55982698,
55948544,
55875323,6/27/2002
55824220,
55821894,10/10/2003
55794644,
55784832,6/27/2002
55773067,6/6/2003
55763552,6/27/2002
55761792,1/3/2004
55758589,
55713623,
55696885,5/16/2007
55690251,
55673611,10/18/2008
55624610,8/17/2010
55615891,5/13/2006
55608151,3/30/2003
55589254,8/15/2007
55586621,11/17/2009
55550921,
55501446,11/15/2011
55488859,11/15/2011
55465441,2/24/2009
55461064,5/8/2006
55444629,8/3/2002
55428811,8/15/2007
55424270,1/18/2006
55401221,5/13/2006
55375684,11/14/2007
55348096,1/12/2003
55343236,
55321970,1/7/2002
55291359,8/3/2002
55277252,
55271628,11/15/2011
55256016,1/12/2003
55226821,1/3/2003
55204071,
55171412,5/8/2006
55154048,8/2/2011
55144522,8/3/2002
55136228,
55119278,10/18/2008
55117418,11/17/2009
55099248,
55063681,2/16/2010
55046718,
55013285,6/6/2003
55008284,11/30/2005
55001420,1/6/2004
54977057,
54976796,11/30/2005
54974237,5/16/2007
54959865,1/3/2007
54936498,8/5/2012
54913680,
54912977,
54878498,1/12/2003
54860010,
54813225,5/17/2013
54766667,8/15/2007
54762426,9/3/2006
54752875,6/27/2002
54749427,5/8/2006
54704216,7/18/2003
54652250,3/30/2003
54635862,
54631834,8/2/2011
54620698,
54591086,10/18/2008
54582424,
54579801,9/16/2002
54578613,
54541900,8/3/2002
54539105,
54520292,12/5/2009
54514594,5/16/2007
54497620,10/18/2008
54493213,3/18/2006
54455664,
54451023,10/18/2008
54415063,1/11/2004
54360049,11/17/2009
54359696,9/11/2012
54351224,1/10/2004
54343893,
54338958,
54326448,
54306223,8/15/2007
54289683,5/13/2006
54283059,
54266211,11/15/2011
54248491,11/17/2009
54178050,6/6/2003
54161401,
54149433,5/17/2013
54109233,10/20/2002
54098121,3/29/2002
54094821,11/17/2009
54059040,11/15/2011
54048462,
54040221,11/14/2007
54031490,8/2/2011
53982768,6/6/2003
53944920,
53927679,1/26/2008
53921056,
53890795,1/6/2004
53855409,8/2/2011
53839837,1/12/2003
53828396,1/4/2006
53819808,8/2/2011
53778229,11/5/2010
53776525,1/6/2004
53714009,
53693416,1/11/2004
53670497,8/5/2012
53656677,11/5/2010
53623827,8/2/2011
53610653,8/5/2012
53586134,8/2/2006
53582587,1/3/2003
53569894,1/8/2004
53567095,5/13/2006
53540729,11/15/2011
53539634,1/10/2004
53530069,1/3/2003
53527835,5/8/2006
53519297,8/2/2011
53493204,7/27/2005
53466826,8/28/2012
53461122,1/26/2008
53408006,
53375573,8/3/2002
53347303,1/8/2004
53341729,11/14/2007
53334471,10/18/2008
53293545,8/3/2002
53291093,
53274132,10/18/2008
53257892,1/26/2008
53239672,1/10/2004
53199020,
53193261,8/2/2011
53183600,10/27/2004
53162898,8/17/2010
53153481,8/3/2002
53152590,10/18/2008
53136004,9/11/2012
53129443,1/3/2004
53119267,1/11/2004
53116300,
53112492,10/10/2003
53100061,
53063039,
53046408,6/6/2003
53039326,2/16/2010
53027855,5/17/2013
52977572,
52971944,1/24/2012
52971673,8/2/2011
52913738,2/16/2010
52900379,8/2/2011
52875873,
52869807,11/5/2010
52860176,6/6/2003
52840598,1/25/2011
52833089,11/5/2010
52824910,1/12/2003
52823314,1/24/2012
52817046,1/10/2004
52786469,
52768103,1/6/2004
52709508,
52702748,1/4/2006
52684508,1/10/2004
52675689,10/20/2002
52648457,1/10/2004
52628687,8/28/2012
52624755,1/8/2004
52601736,1/24/2012
52584282,1/7/2002
52571838,1/11/2004
52558805,
52550973,1/6/2004
52518793,11/14/2007
52512994,1/9/2009
52503575,1/12/2003
52497105,8/5/2012
52496105,11/14/2007
52430902,10/18/2008
52417194,1/10/2004
52404456,9/11/2012
52370835,8/28/2012
52352005,1/9/2009
52346240,8/17/2010
52340274,8/28/2012
52323207,1/3/2005
52319752,1/26/2008
52265835,
52263685,8/16/2011
52248570,1/26/2008
52228131,11/14/2007
52222372,
52182715,5/17/2013
52158283,8/28/2012
52140003,8/16/2011
52128900,1/25/2011
52121290,1/3/2003
52105192,10/27/2009
52101615,1/3/2005
52098461,
52090844,1/3/2004
52077741,1/9/2004
52040216,3/6/2003
52035300,1/26/2008
52031567,12/26/2006
51987571,12/5/2009
51962254,4/1/2007
51960178,5/17/2013
51945556,1/6/2004
51934376,7/18/2003
51925772,11/5/2010
51858306,
51838385,1/6/2004
51828629,6/27/2002
51827737,
51808422,1/9/2009
51790181,2/16/2010
51773900,12/5/2009
51717541,11/5/2010
51701885,11/15/2011
51670553,11/14/2007
51638941,11/30/2005
51630558,1/9/2009
51616747,1/6/2004
51589188,1/24/2012
51566770,
51562916,1/10/2004
51555725,8/2/2011
51549976,8/5/2012
51534754,7/18/2003
51482758,1/3/2004
51481927,1/3/2005
51452091,1/10/2003
51449743,4/11/2006
51447164,10/5/2011
51435705,8/28/2012
51402908,
51402177,1/8/2004
51394546,1/10/2004
51371017,6/27/2002
51365514,8/5/2012
51355346,1/11/2004
51351302,7/18/2003
51345461,10/20/2002
51324455,8/16/2011
51282878,9/11/2012
51275027,6/27/2002
51267887,8/3/2002
51254980,
51254277,8/16/2011
51228280,12/26/2006
51196174,1/26/2008
51192573,5/8/2006
51119924,1/3/2007
51085303,
51047350,11/5/2010
51043243,
51020079,1/9/2009
50957346,1/3/2007
50951359,12/5/2009
50939127,1/12/2003
50933533,1/17/2007
50930991,3/29/2002
50916353,11/30/2005
50913601,8/3/2002
50893987,10/5/2011
50866755,11/15/2011
50823978,1/6/2004
50785356,
50781944,1/9/2009
50766506,1/24/2012
50732780,
50725996,6/22/2004
50712728,7/18/2003
50705071,12/5/2002
50702124,11/5/2010
50684552,5/8/2006
50621530,9/6/2009
50613779,8/28/2012
50604950,9/6/2009
50593156,1/6/2004
50532786,8/16/2011
50491121,8/28/2012
50470982,5/8/2006
50449881,5/17/2013
50433147,8/2/2011
50418970,1/9/2009
50412166,7/18/2003
50400231,11/11/2006
50323155,4/11/2006
50319138,8/16/2011
50304345,1/26/2008
50292967,8/16/2011
50287060,
50282757,1/26/2008
50278554,11/16/2010
50263751,
50259460,1/11/2004
50215517,10/5/2011
50164989,12/5/2009
50152549,6/27/2002
50140163,4/11/2006
50122883,10/20/2002
50091196,11/16/2010
50088247,11/15/2011
50078509,2/16/2010
50074522,1/26/2008
50045299,3/29/2002
50032342,
50005633,3/29/2002
49998907,1/11/2004
49980185,
49888191,6/27/2002
49881766,1/12/2003
49879995,7/5/2008
49868263,6/6/2003
49826746,
49814180,1/6/2005
49808196,1/26/2008
49791928,1/7/2002
49791927,1/7/2002
49785720,5/17/2013
49771608,1/6/2004
49721904,8/2/2011
49681811,6/6/2003
49680980,11/5/2010
49674183,
49669730,1/9/2009
49645921,1/4/2006
49633574,
49600724,11/5/2010
49597193,
49587034,10/20/2002
49563947,1/10/2004
49551909,8/28/2012
49522489,1/4/2006
49514333,8/2/2011
49479374,7/5/2008
49469105,1/26/2008
49460512,10/5/2011
49441499,1/10/2004
49398568,1/11/2004
49389523,8/17/2010
49375719,5/13/2006
49374988,8/28/2012
49352945,1/26/2008
49328340,1/3/2005
49267971,8/17/2010
49251811,10/20/2002
49218300,3/29/2002
49217579,1/12/2003
49204190,8/5/2012
49202331,
49191560,8/28/2012
49144107,11/15/2011
49140998,1/3/2005
49080532,11/5/2010
49064413,1/3/2003
49010598,1/11/2004
49003716,
49003308,1/12/2003
48996569,1/3/2007
48976825,7/2/2007
48964966,
48948935,
48934760,7/5/2008
48868994,11/5/2010
48783998,1/3/2007
48768179,1/12/2003
48766543,7/25/2007
48742406,11/5/2010
48716139,10/9/2008
48712195,1/3/2007
48700891,1/4/2006
48686504,1/26/2008
48675364,5/16/2007
48659020,1/6/2004
48653261,5/13/2006
48649353,12/20/2002
48642904,
48588176,1/24/2012
48582558,8/5/2012
48579379,10/27/2003
48576971,1/11/2004
48568432,11/5/2010
48539234,10/20/2002
48505422,8/2/2011
48453776,5/16/2007
48447192,1/9/2009
48445393,8/17/2010
48439321,8/28/2012
48411996,
48381268,
48370501,
48365709,3/29/2002
48357738,8/16/2011
48356796,7/5/2008
48343627,1/26/2008
48305365,7/27/2005
48276469,1/11/2004
48252330,8/28/2012
48229808,1/10/2004
48216773,8/28/2012
48206762,1/3/2005
48202661,10/10/2003
48179391,
48156348,7/5/2008
48148828,10/10/2003
48135190,8/16/2011
48130397,1/26/2008
48115277,9/3/2006
48094997,1/12/2003
48092532,1/6/2005
48049769,9/11/2012
48017809,1/26/2008
48009503,9/11/2012
47986555,10/20/2005
47985614,12/5/2009
47961808,4/11/2006
47942531,1/12/2003
47929865,11/5/2010
47879985,9/16/2002
47852925,1/10/2002
47852924,1/10/2002
47829960,1/3/2004
47795344,
47778083,12/5/2009
47766694,1/6/2010
47754278,7/3/2007
47737087,11/30/2005
47693640,10/10/2003
47664723,
47660516,5/17/2013
47658964,
47606319,1/3/2004
47596607,1/3/2007
47594192,8/28/2012
47579719,
47529357,12/26/2006
47507260,1/10/2004
47506081,
47480070,10/10/2003
47459126,11/17/2009
47453433,1/11/2004
47436247,10/5/2011
47432275,1/9/2009
47421985,
47415292,10/10/2003
47408488,1/26/2008
47395382,
47372349,1/12/2003
47360060,8/5/2012
47355498,
47349310,8/16/2011
47346845,11/5/2010
47325505,1/9/2009
47297616,
47295267,1/26/2008
47274077,1/3/2007
47233801,7/18/2003
47228077,
47217354,8/17/2010
47150851,1/12/2003
47126872,8/16/2011
47121070,1/26/2008
47111934,
47106439,
47084486,4/11/2006
47060347,1/3/2007
47060154,3/29/2002
47030842,8/28/2012
47025270,10/10/2003
47013502,10/5/2011
46986418,3/19/2002
46986417,3/19/2002
46986416,3/19/2002
46986415,3/19/2002
46986414,3/19/2002
46967601,11/16/2010
46961802,11/15/2011
46918794,6/27/2002
46910446,11/30/2005
46897277,11/5/2010
46874015,1/3/2007
46848859,
46833854,
46821314,1/3/2003
46820049,1/12/2003
46759931,8/16/2011
46710683,1/9/2009
46700124,
46696593,1/25/2013
46657337,6/27/2002
46656406,12/5/2009
46652477,1/3/2007
46609443,12/5/2009
46572756,
46571052,10/10/2003
46534755,9/16/2002
46508640,5/16/2007
46502013,1/9/2009
46480475,1/9/2009
46474915,3/29/2002
46461247,1/3/2004
46448938,5/17/2013
46411259,7/18/2003
46404281,8/16/2011
46384672,1/1/2005
46384403,8/5/2012
46363422,10/10/2003
46337945,
46303688,10/10/2003
46291010,10/5/2011
46272804,10/5/2011
46263076,12/5/2009
46239604,
46237548,11/17/2009
46195773,10/18/2008
46181000,10/10/2003
46173679,1/26/2008
46159582,
46145256,4/11/2006
46130346,8/3/2002
46128076,6/8/2005
46089249,11/16/2010
46083380,11/15/2011
46052429,1/3/2007
46044841,
46037213,1/12/2003
46031686,7/3/2007
46009906,8/3/2002
45986603,9/16/2002
45985838,1/6/2004
45945685,6/8/2005
45939841,1/3/2007
45939611,5/17/2013
45909477,12/26/2006
45906428,6/8/2005
45898858,11/30/2005
45895206,7/27/2005
45894482,1/3/2003
45871897,1/6/2005
45869829,1/25/2013
45815891,8/17/2010
45812361,8/5/2012
45809008,7/2/2007
45801022,8/17/2010
45778932,9/16/2002
45725480,5/17/2013
45711266,
45705025,1/25/2013
45688586,11/16/2010
45662855,
45653036,11/14/2007
45651298,5/17/2013
45620686,10/9/2008
45593005,1/9/2009
45586855,8/17/2010
45547649,7/18/2003
45500495,10/18/2008
45462639,1/26/2008
45458027,
45452224,10/9/2008
45450218,
45439263,
45425051,4/27/2004
45379225,10/18/2008
45358284,11/16/2010
45311864,1/6/2004
45305419,1/4/2006
45298492,
45282603,8/16/2011
45247637,10/18/2008
45231177,3/30/2003
45222299,
45215453,8/2/2011
45178472,10/5/2011
45170821,8/16/2011
45159319,1/6/2005
45141844,10/10/2003
45141013,11/16/2010
45133463,2/16/2010
45121025,3/29/2002
45082499,1/25/2013
45045866,8/15/2007
45042329,8/3/2002
45041488,
45037489,
45033006,
45023678,4/11/2006
44954628,11/30/2005
44947065,
44920699,1/25/2013
44913552,7/18/2003
44910027,
44901281,2/16/2010
44887817,10/18/2008
44883830,6/8/2005
44883600,1/24/2012
44877690,
44860890,1/25/2013
44811425,
44800181,4/11/2006
44792253,8/17/2010
44790889,8/5/2012
44789585,8/17/2010
44763025,9/16/2002
44762290,1/6/2004
44729197,6/8/2005
44717069,5/17/2013
44702857,5/8/2006
44689688,
44682448,1/25/2013
44676200,11/30/2005
44665365,11/5/2010
44663232,5/17/2013
44656491,9/16/2002
44635489,
44595286,1/6/2004
44519536,8/3/2002
44509898,5/17/2013
44508094,10/9/2008
44505297,1/24/2012
44487250,5/17/2013
44472639,1/6/2004
44436472,1/6/2004
44430454,11/14/2007
44424095,10/18/2008
44364207,10/18/2008
44341034,2/16/2010
44330098,
44287299,8/3/2002
44250812,1/25/2013
44236692,11/16/2010
44223284,8/15/2007
44209392,3/29/2002
44203504,6/6/2003
44182827,1/4/2006
44155002,
44125452,2/16/2010
44095762,6/27/2002
44073668,12/20/2002
44072894,1/3/2003
44046281,1/25/2013
44035031,
44028461,11/16/2010
43973174,3/29/2002
43932460,
43925870,
43906884,11/16/2010
43889633,2/16/2010
43841694,5/17/2013
43797906,5/16/2007
43793530,1/3/2004
43791861,
43751755,8/15/2007
43748308,1/25/2013
43716289,7/18/2003
43714890,1/6/2004
43711255,10/20/2002
43708640,12/5/2009
43708041,1/25/2013
43697559,6/8/2005
43694481,5/17/2013
43694075,1/10/2002
43644025,8/15/2007
43642620,10/18/2008
43641473,9/16/2002
43586926,6/6/2003
43580269,1/10/2004
43573231,8/5/2012
43543777,10/9/2008
43530283,8/2/2011
43513897,
43509019,7/27/2005
43500484,8/3/2002
43487744,1/7/2002
43452193,8/15/2007
43434803,10/20/2002
43426903,11/17/2009
43422537,8/15/2007
43417563,9/16/2002
43405287,5/8/2006
43385557,10/9/2008
43378048,1/9/2009
43366227,
43359262,11/15/2011
43340443,5/13/2006
43332022,
43318266,11/14/2007
43262273,11/17/2009
43250041,1/6/2004
43237273,5/8/2006
43230671,6/27/2002
43191636,8/15/2007
43140791,
43138260,1/25/2013
43114901,
43096270,11/15/2011
43061293,6/8/2005
43040603,1/6/2004
43014054,11/16/2010
43002864,2/16/2010
42994702,7/18/2003
42969214,
42956963,
42945701,6/8/2005
42941100,1/3/2004
42940404,2/23/2010
42883273,1/7/2002
42874792,11/15/2011
42868711,1/3/2004
42851643,8/5/2012
42829885,9/16/2002
42810973,1/26/2010
42793609,8/2/2011
42752141,11/15/2011
42737833,2/16/2010
42709949,8/15/2007
42703248,1/1/2005
42685062,12/5/2009
42682609,5/8/2006
42679662,
42671151,8/2/2011
42664989,1/8/2004
42647539,6/6/2003
42599677,10/20/2002
42598242,1/6/2004
42592719,11/14/2007
42578427,9/16/2002
42541548,1/3/2004
42534368,11/14/2007
42463414,12/5/2009
42431843,6/27/2002
42425831,8/5/2012
42391240,
42386471,
42364374,7/18/2003
42364257,1/3/2003
42348802,12/26/2006
42328171,11/15/2011
42314669,10/5/2011
42309337,8/15/2007
42303365,11/17/2009
42280216,2/16/2010
42256406,1/9/2009
42239546,8/15/2007
42175079,10/20/2006
42167046,2/16/2010
42129512,1/3/2004
42110434,
42082363,
42079445,
42071342,1/3/2004
42035045,1/9/2005
42035044,1/9/2005
42024143,1/9/2009
42015635,5/8/2006
42009836,7/5/2008
41978142,
41952656,8/28/2012
41949033,3/29/2002
41930553,11/15/2011
41925941,6/6/2003
41902352,4/31/2011
41872150,7/18/2003
41859700,1/3/2004
41858121,8/2/2011
41855169,1/11/2004
41788781,8/2/2011
41762634,1/7/2002
41753322,1/9/2009
41741922,12/5/2009
41722932,1/24/2012
41705642,10/5/2011
41639001,8/5/2012
41613948,5/13/2006
41589166,1/4/2006
41587307,8/15/2007
41517968,8/15/2007
41482598,7/18/2003
41475424,10/5/2011
41470137,11/14/2007
41462084,3/30/2003
41462083,3/30/2003
41458579,8/2/2011
41442341,10/18/2008
41436536,5/13/2006
41431329,
41426869,3/30/2003
41420027,6/27/2002
41398771,7/18/2003
41396436,6/27/2002
41392891,6/27/2002
41382147,5/8/2006
41356846,3/19/2002
41356845,3/19/2002
41309158,
41269771,
41249545,1/4/2006
41234315,
41230939,4/11/2006
41224658,8/17/2010
41218256,3/29/2002
41201555,1/9/2009
41197012,10/5/2011
41182875,
41181774,11/17/2009
41172955,1/17/2007
41160595,5/8/2006
41160533,12/5/2009
41158734,2/16/2010
41147577,
41142615,6/27/2002
41113025,7/5/2008
41098335,
41090784,
41089128,1/3/2005
41077745,8/2/2011
41006930,1/3/2004
40991587,7/5/2008
40937767,1/6/2005
40933924,7/18/2003
40921744,1/26/2008
40921545,
40916023,1/3/2003
40884383,1/3/2004
40867519,1/4/2006
40854197,
40844552,8/2/2011
40830387,1/17/2007
40826495,8/3/2002
40817915,1/24/2012
40737112,1/3/2004
40736921,8/2/2011
40703393,6/6/2003
40703222,
40695128,6/6/2003
40666140,8/2/2011
40659562,7/18/2003
40640059,6/27/2002
40640058,6/27/2002
40640057,6/27/2002
40633297,6/6/2003
40619825,9/16/2002
40619741,
40591390,5/13/2006
40583194,10/5/2011
40555959,11/5/2010
40529384,12/5/2009
40473581,6/6/2003
40465719,8/15/2007
40453765,6/27/2002
40424929,
40418351,4/11/2006
40410110,1/11/2004
40391316,8/15/2007
40384720,12/7/2006
40383551,8/28/2012
40374923,3/29/2002
40350910,7/18/2003
40348946,
40343749,9/11/2012
40320754,1/3/2004
40279770,4/31/2011
40267580,1/3/2005
40253382,10/5/2011
40240595,6/27/2002
40230018,8/28/2012
40225398,
40213117,8/28/2012
40200834,1/6/2005
40189917,1/9/2009
40173854,12/26/2006
40172183,7/18/2003
40160226,9/11/2012
40155554,
40143123,
40133511,1/11/2004
40101111,8/17/2010
40048324,
40044918,
40012727,
39987164,
39984786,
39980304,1/26/2008
39978267,1/12/2003
39967326,1/9/2009
39956951,4/11/2006
39910367,3/30/2009
39905966,
39897277,1/7/2002
39892082,1/3/2004
39829561,1/26/2008
39823987,2/16/2010
39774685,8/3/2002
39765115,1/24/2012
39761138,
39751094,6/6/2003
39751093,6/6/2003
39719977,1/6/2004
39711336,7/18/2003
39703254,
39701395,2/16/2010
39699564,5/17/2013
39695323,1/24/2012
39674352,1/6/2004
39672388,8/5/2012
39648965,10/5/2011
39552864,1/6/2004
39537362,7/18/2003
39531794,10/5/2011
39526584,8/15/2007
39512984,
39507162,7/27/2005
39477584,
39440937,11/5/2010
39439590,
39402797,12/5/2009
39399168,
39343610,10/24/2007
39303359,11/14/2007
39284521,
39272762,8/5/2012
39261576,
39256679,2/18/2003
39191307,1/10/2004
39188539,4/11/2006
39180960,12/5/2008
39168895,1/3/2004
39163598,
39131963,1/6/2004
39111158,8/3/2002
39091951,2/16/2010
39037517,11/17/2009
39019325,1/6/2004
39004808,8/3/2002
38999506,12/20/2002
38992735,10/10/2003
38981606,
38975369,2/16/2010
38973775,1/24/2012
38942059,1/10/2002
38916461,6/6/2003
38834303,4/11/2006
38757297,1/24/2012
38742075,6/6/2003
38737148,8/5/2012
38730226,1/6/2004
38723936,7/18/2003
38699854,7/18/2003
38680149,12/5/2009
38679204,
38670435,1/3/2004
38643567,1/24/2012
38589847,2/16/2010
38568567,12/5/2009
38562933,10/5/2011
38552107,9/16/2002
38538445,6/6/2003
38528901,
38525760,1/25/2013
38522377,10/5/2011
38520918,8/5/2012
38495396,
38492752,
38480590,1/3/2003
38479725,1/10/2004
38468214,11/14/2007
38450736,8/5/2012
38445524,11/14/2007
38430673,5/13/2006
38411870,7/18/2003
38369349,9/16/2002
38354937,
38318146,10/5/2011
38299233,7/18/2003
38296564,10/5/2011
38277918,1/10/2002
38275183,10/10/2003
38273745,
38247752,1/26/2008
38199696,8/3/2002
38167722,1/26/2008
38142739,8/3/2002
38120068,10/24/2007
38109772,
38107923,1/26/2008
38049934,
38049541,
38041940,10/18/2008
38033124,10/10/2003
38033123,10/10/2003
38033122,10/10/2003
38033121,10/10/2003
37993923,
37970940,1/6/2005
37957847,1/3/2004
37955049,1/9/2009
37953640,
37926346,8/16/2011
37869028,
37829468,10/18/2008
37820550,8/3/2002
37812118,7/5/2008
37806313,
37803172,1/25/2013
37792478,11/17/2009
37781520,1/25/2013
37745919,12/5/2009
37744402,1/6/2005
37742478,7/5/2008
37721209,1/3/2004
37694547,10/9/2008
37684215,6/6/2003
37675138,
37630732,6/8/2005
37620434,6/6/2003
37580756,10/20/2002
37576645,7/18/2003
37557626,
37534148,7/5/2008
37520316,1/2/2005
37507488,
37474917,
37457534,1/17/2007
37436476,
37421579,8/3/2002
37421075,1/24/2012
37412656,7/5/2008
37406863,6/6/2003
37390590,10/9/2008
37390589,10/9/2008
37383714,
37364101,
37349495,10/5/2011
37322745,8/17/2010
37318031,7/25/2007
37313786,10/20/2002
37313348,8/3/2002
37300735,10/5/2011
37267041,1/2/2005
37265642,5/8/2006
37241623,
37231841,1/11/2004
37195861,
37164373,9/11/2012
37132349,12/5/2009
37120512,3/29/2002
37115575,
37104630,
37101832,7/18/2003
37083210,1/3/2005
37057743,1/25/2013
37057012,4/11/2006
37053871,1/11/2004
37043180,10/20/2005
37011715,4/11/2006
36995273,4/11/2006
36935434,4/11/2006
36931229,1/26/2008
36870345,
36868108,10/20/2002
36834155,
36757171,
36750412,5/8/2008
36737092,
36733451,8/4/2008
36717258,
36690018,7/5/2008
36687247,10/5/2011
36643046,1/6/2010
36629203,11/5/2010
36625827,7/5/2008
36623431,
36607978,8/3/2002
36586443,5/13/2006
36584821,1/3/2004
36569343,1/25/2013
36565699,10/5/2011
36562627,6/6/2003
36560997,11/5/2010
36521459,
36484016,8/17/2010
36472900,5/8/2008
36468556,10/20/2002
36407615,11/5/2010
36405256,
36378213,7/25/2007
36378044,8/28/2012
36361633,1/3/2005
36354007,1/9/2005
36352429,10/5/2011
36304921,3/29/2002
36280194,10/20/2002
36278828,8/15/2007
36262024,1/10/2004
36261276,1/12/2003
36256625,5/8/2006
36227804,11/15/2011
36121917,8/3/2002
36119641,1/3/2005
36107810,10/18/2008
36100154,8/17/2010
36099620,7/5/2008
36088082,9/11/2012
36045450,5/15/2007
36042825,9/11/2012
36042004,5/8/2006
36039163,9/16/2002
36021814,1/6/2005
35984222,
35975813,1/12/2003
35956022,1/26/2008
35952884,
35950025,
35866404,9/11/2012
35848254,11/15/2011
35842855,1/25/2013
35809262,1/6/2005
35803249,7/5/2008
35798491,1/12/2003
35787450,7/2/2007
35781051,7/5/2008
35762283,1/3/2004
35686188,1/11/2004
35686187,1/11/2004
35638627,
35631584,
35618486,
35577420,7/5/2008
35565537,9/16/2002
35563539,8/17/2010
35539880,1/3/2007
35537860,5/8/2008
35514096,11/17/2009
35486099,5/16/2007
35480699,10/9/2008
35464895,5/13/2006
35448319,11/5/2010
35429292,10/10/2003
35419032,
35346968,10/20/2002
35322812,1/11/2004
35316708,10/20/2002
35268887,1/9/2009
35262428,8/17/2010
35255456,8/28/2012
35224440,1/26/2008
35220244,9/11/2012
35215622,1/12/2003
35209994,
35195612,8/28/2012
35149085,1/3/2005
35112613,
35073065,8/28/2012
35059553,10/10/2003
35052053,1/3/2005
35050257,
35027493,1/3/2005
35011819,8/4/2008
34961968,11/18/2006
34906152,10/10/2003
34853266,1/12/2003
34838437,
34830502,1/3/2005
34815282,5/8/2008
34796454,
34743446,4/28/2006
34717238,1/3/2007
34707034,9/11/2012
34694160,10/20/2002
34664411,7/25/2007
34659866,1/9/2009
34646691,1/3/2004
34627841,1/2/2005
34568403,7/5/2008
34545235,1/9/2009
34487429,5/16/2007
34471458,1/9/2009
34460851,3/30/2003
34460239,1/4/2006
34442949,9/16/2002
34370473,1/3/2004
34358408,11/17/2009
34351849,7/5/2008
34334692,8/15/2007
34294855,1/26/2008
34290067,1/7/2002
34257001,8/17/2010
34251483,8/28/2012
34236961,10/10/2003
34206604,10/10/2003
34193084,1/12/2003
34187685,1/6/2005
34160055,8/16/2011
34149830,8/17/2010
34143852,9/11/2012
34124316,9/16/2002
34116027,11/16/2010
34109611,
34100324,1/11/2004
34088136,1/11/2004
34086406,
34029630,10/10/2003
34026662,11/15/2011
34022290,11/17/2009
34016756,10/27/2003
34004470,2/23/2010
34002992,1/26/2008
33981008,9/11/2012
33977496,1/12/2003
33972299,
33970665,8/17/2010
33951077,
33950246,1/3/2003
33911264,9/11/2012
33904024,11/15/2011
33900648,11/17/2009
33883834,8/2/2011
33875961,6/8/2005
33866130,
33846209,11/17/2009
33784505,10/10/2003
33782437,11/15/2011
33776734,
33767325,1/3/2005
33737664,1/3/2003
33734439,12/20/2002
33725271,5/16/2007
33695750,
33691040,12/26/2006
33665663,5/17/2013
33655493,1/26/2008
33550694,1/3/2003
33537328,1/9/2009
33508719,1/10/2003
33455338,7/5/2008
33423043,1/3/2004
33420078,10/18/2008
33413638,1/7/2002
33413279,11/17/2009
33396948,3/19/2002
33365932,5/16/2007
33347467,8/16/2011
33323657,1/9/2009
33302407,10/18/2008
33248692,1/4/2006
33244944,1/12/2003
33236860,11/17/2009
33225925,8/16/2011
33198837,
33184236,11/16/2010
33184167,10/10/2003
33178416,8/3/2002
33114323,10/10/2003
33112041,8/15/2007
33093439,
33066139,8/3/2002
33064647,8/3/2002
33057951,8/16/2011
33034646,1/24/2012
33031674,1/12/2003
33017655,
32933942,5/16/2007
32919136,1/12/2003
32918479,5/13/2006
32907538,10/9/2008
32854013,8/17/2010
32835363,8/16/2011
32807846,6/6/2003
32761286,8/2/2011
32752319,6/8/2005
32751480,
32750510,10/9/2008
32750341,5/17/2013
32744558,
32723153,6/8/2005
32710364,5/16/2007
32703716,8/16/2011
32679370,1/4/2006
32663969,10/9/2008
32646477,
32626733,1/3/2007
32603633,5/16/2007
32548609,8/2/2011
32543380,5/16/2007
32542011,5/17/2013
32541773,1/3/2003
32539892,9/16/2002
32485518,12/5/2009
32452818,8/3/2002
32441317,10/9/2008
32437102,1/3/2003
32393580,10/9/2008
32391631,11/17/2009
32391566,11/16/2010
32362575,10/10/2003
32314730,1/9/2009
32298781,1/6/2004
32296881,5/13/2006
32274490,8/3/2002
32271987,10/27/2009
32269855,10/20/2002
32268901,3/19/2002
32240937,10/10/2003
32233746,7/5/2008
32207100,1/9/2009
32180819,10/18/2008
32086564,1/25/2013
32065885,11/15/2011
32062913,10/10/2003
32061744,11/16/2010
32022366,1/12/2003
32015116,1/3/2003
32012842,12/20/2002
32012841,12/20/2002
31987274,1/3/2003
31986288,1/26/2008
31975743,9/11/2012
31930787,10/5/2011
31924889,
31919988,1/24/2012
31904181,1/3/2007
31890399,
31887905,11/30/2005
31863912,1/25/2013
31849106,11/16/2010
31829185,1/3/2003
31828916,2/23/2010
31826057,8/2/2011
31812496,1/6/2004
31786629,6/27/2002
31785398,6/6/2003
31768112,2/16/2010
31766317,11/16/2010
31764700,1/26/2008
31764353,11/30/2005
31709826,1/3/2003
31692182,1/9/2009
31632536,11/15/2011
31615285,2/16/2010
31571902,10/18/2008
31560081,6/27/2002
31557782,1/4/2006
31553716,6/6/2003
31550470,1/26/2008
31533704,5/17/2013
31516413,8/5/2012
31477025,10/20/2002
31476755,1/6/2004
31467372,10/18/2008
31456110,
31447217,10/20/2002
31440542,1/10/2004
31423101,10/28/2005
31385077,11/5/2010
31383545,11/5/2010
31328739,10/9/2008
31305911,
31303283,
31281980,10/18/2008
31247589,11/14/2007
31245780,10/18/2008
31242786,7/18/2003
31175914,11/16/2010
31173519,11/15/2011
31122091,3/29/2002
31122090,3/29/2002
31111109,10/18/2008
31076103,1/6/2004
31066283,1/10/2002
31053337,11/16/2010
31038159,
31036355,6/6/2003
31034919,9/18/2007
31000575,6/8/2005
30936186,2/16/2010
30915572,
30914564,1/3/2004
30888983,10/9/2008
30860696,1/9/2005
30834988,1/26/2008
30811116,5/17/2013
30794966,8/5/2012
30778711,6/27/2002
30770156,2/16/2010
30757396,
30741334,
30707994,7/5/2008
30683373,
30655537,10/20/2002
30653113,1/6/2004
30643162,8/15/2007
30608985,
30606547,1/3/2003
30600344,1/24/2012
30587695,8/5/2012
30585393,
30562585,11/5/2010
30532390,10/20/2002
30531525,1/6/2004
30525991,11/14/2007
30502181,10/9/2008
30494314,8/5/2012
30492798,2/16/2010
30488793,1/24/2012
30464153,9/11/2012
30461781,
30459350,10/18/2008
30450531,7/18/2003
30435145,1/4/2006
30399511,
30353551,1/6/2004
30334522,
30325729,10/20/2002
30314994,1/10/2004
30312361,
30299166,
30276969,
30243636,9/16/2002
30241314,5/13/2006
30213599,2/16/2010
30208479,
30190809,1/6/2004
30155789,8/1/2008
30126992,8/5/2012
30123142,10/18/2008
30113682,3/29/2002
30069398,10/18/2008
30042158,1/26/2008
29999161,11/15/2011
29981921,8/2/2011
29948642,10/20/2005
29947751,10/18/2008
29934351,11/17/2009
29905795,
29888389,
29876529,11/15/2011
29863101,
29843091,1/12/2003
29826127,11/30/2005
29795530,11/16/2010
29765339,8/2/2011
29762407,10/19/2010
29735721,1/12/2003
29654737,
29618570,6/6/2003
29612557,1/4/2006
29590905,1/4/2006
29590752,11/14/2007
29587993,
29549364,1/3/2003
29455728,1/24/2012
29436665,1/18/2006
29417188,11/16/2010
29401950,6/6/2003
29389368,6/6/2003
29380133,6/27/2002
29353756,
29343734,12/26/2006
29307554,10/18/2008
29267084,1/3/2004
29246354,8/15/2007
29228529,1/12/2003
29228350,11/5/2010
29216967,
29216198,8/15/2007
29155212,6/27/2002
29139104,5/13/2006
29116732,11/15/2011
29095552,
29088922,11/17/2009
29071332,2/24/2009
29054481,
29013526,5/13/2006
28990150,11/15/2011
28985331,1/26/2008
28966434,11/17/2009
28933734,6/27/2002
28912357,8/28/2012
28890974,5/13/2006
28877602,11/15/2011
28877100,11/14/2007
28859794,2/16/2010
28754338,5/17/2013
28741524,
28725004,6/27/2002
28677304,5/8/2006
28654932,11/15/2011
28649820,
28643791,8/2/2011
28637168,
28604635,11/30/2005
28601770,5/16/2007
28596933,6/6/2003
28593363,6/27/2002
28577986,5/17/2013
28573958,
28566710,6/6/2003
28563545,7/27/2005
28553439,1/18/2006
28546905,3/30/2003
28529976,
28506708,11/5/2010
28470714,1/3/2003
28465301,
28429121,
28378427,1/4/2006
28358902,1/3/2003
28357177,1/10/2004
28355718,5/8/2006
28348537,
28332833,
28297833,11/14/2007
28290705,8/28/2012
28284902,10/18/2008
28279543,8/3/2002
28194325,
28190303,1/25/2013
28183605,
28150174,8/5/2012
28143906,1/11/2004
28124263,10/18/2008
28121403,1/12/2003
28120197,5/15/2006
28106077,1/12/2003
28066831,
28062325,10/18/2008
28003512,1/7/2002
28002611,10/18/2008
27980138,8/16/2011
27971137,
27970830,11/17/2009
27967615,1/10/2004
27927359,1/11/2004
27911549,10/20/2002
27870033,10/18/2008
27869883,1/26/2008
27863269,2/16/2010
27827903,
27821104,8/2/2011
27782503,1/3/2007
27770341,6/6/2003
27769400,7/5/2008
27762803,
27744077,1/10/2004
27671321,1/3/2003
27655513,11/14/2007
27632240,5/17/2013
27618634,1/6/2004
27581098,11/30/2005
27564031,
27541267,
27527047,
27450400,8/2/2011
27416701,
27408609,3/18/2006
27407330,8/5/2012
27383110,11/5/2010
27346636,11/14/2007
27340877,10/18/2008
27337596,8/5/2012
27324313,1/7/2002
27315304,
27288416,1/6/2004
27243130,8/2/2011
27207573,
27191436,8/2/2006
27178262,11/14/2007
27174286,1/8/2004
27134689,1/10/2004
27132350,1/3/2003
27126980,
27125110,10/20/2002
27068117,8/28/2012
27054370,
27053506,10/10/2003
27004302,
26993374,
26976414,1/26/2008
26956670,11/14/2007
26932788,
26931058,10/10/2003
26905245,1/26/2008
26902560,7/27/2005
26885836,8/28/2012
26864586,8/16/2011
26842483,1/25/2011
26834022,11/14/2007
26775203,11/5/2010
26732909,9/11/2012
26725158,1/10/2002
26722601,
26708437,1/24/2012
26704411,
26701483,
26669055,1/3/2007
26647858,1/13/2006
26640671,2/16/2010
26593852,
26586849,1/24/2012
26566878,1/6/2004
26563200,
26533075,11/14/2007
26509612,
26495087,1/6/2004
26439287,1/4/2006
26412047,1/10/2004
26381750,
26378150,3/29/2002
26376390,
26345570,8/28/2012
26329679,5/17/2013
26304459,
26302522,
26293219,5/19/2009
26285788,8/5/2012
26257572,11/5/2010
26254876,1/26/2008
26211048,8/5/2012
26205777,1/11/2004
26202165,6/27/2002
26185991,1/3/2004
26157485,10/18/2008
26120084,11/14/2007
26099457,8/5/2012
26084285,7/18/2003
26082229,1/11/2004
26082117,8/16/2011
26046205,1/26/2008
26022485,1/10/2004
26016357,9/11/2012
25988873,
25958491,1/9/2009
25955164,6/27/2002
25924653,1/26/2008
25920413,5/8/2006
25880422,6/27/2002
25866285,
25862681,1/9/2009
25833572,6/27/2002
25796442,2/16/2010
25789292,12/5/2009
25788011,5/17/2013
25774450,1/18/2006
25773409,1/6/2004
25771826,
25769732,8/3/2002
25716180,11/15/2011
25682811,
25655502,6/27/2002
25654671,
25652655,11/5/2010
25652259,11/30/2005
25642998,8/16/2011
25578802,1/10/2004
25573054,6/8/2005
25551951,1/6/2004
25531465,1/9/2009
25518020,2/16/2010
25484449,1/24/2012
25460258,
25435080,11/5/2010
25407406,11/14/2007
25401880,12/5/2009
25377819,8/5/2012
25373678,8/2/2011
25366484,11/30/2005
25345186,6/6/2003
25343280,1/6/2004
25343017,10/5/2011
25341652,
25262697,7/18/2003
25259669,8/16/2011
25247218,10/9/2008
25236056,1/8/2004
25231813,1/9/2009
25206027,1/24/2012
25173686,4/11/2006
25171661,
25165047,10/5/2011
25163248,8/28/2012
25132288,12/5/2009
25123082,8/28/2012
25119460,10/10/2003
25109950,6/27/2002
25090294,
25050038,4/11/2006
25034083,5/8/2006
24996659,11/16/2010
24943456,10/5/2011
24920410,8/16/2011
24874630,8/1/2008
24857466,
24838456,4/11/2006
24725825,1/3/2007
24707869,8/16/2011
24696097,11/16/2010
24694698,11/15/2011
24673894,2/16/2010
24668830,6/27/2002
24661486,10/9/2008
24644634,
24643836,11/30/2005
24623598,6/6/2003
24611934,6/27/2002
24610207,1/25/2013
24566654,12/5/2009
24545464,10/9/2008
24530661,7/18/2003
24508238,1/3/2007
24449083,
24435369,1/6/2004
24433921,
24433920,
24432029,
24419823,1/9/2009
24362891,1/24/2012
24317029,7/18/2003
24311595,7/25/2007
24311372,12/5/2002
24294108,10/20/2002
24291651,
24285858,11/14/2007
24268052,10/9/2008
24221808,10/5/2011
24221739,1/6/2004
24140059,7/18/2003
24137081,8/16/2011
24128274,10/20/2002
24104865,5/8/2006
24103628,8/16/2011
24096228,10/10/2003
24094654,8/3/2002
24094653,8/3/2002
24082387,5/8/2006
24068492,3/30/2003
24040093,
24025620,10/9/2008
24019261,1/9/2009
23995347,
23995346,
23965037,1/6/2005
23950192,
23927567,7/18/2003
23927545,
23915499,8/16/2011
23899727,9/11/2012
23869735,5/8/2006
23846921,7/5/2008
23842445,1/6/2005
23782705,2/23/2010
23776077,1/25/2013
23771716,3/30/2003
23770284,12/5/2009
23756165,4/11/2006
23701465,1/3/2004
23693634,5/8/2008
23681456,9/11/2012
23639291,7/5/2008
23635815,6/8/2005
23615409,10/20/2002
23571046,10/9/2008
23562407,1/25/2013
23558733,12/5/2009
23557835,1/3/2004
23535429,8/17/2010
23516703,7/5/2008
23471572,10/20/2002
23454876,5/17/2013
23440062,12/5/2009
23424603,8/3/2002
23421244,11/30/2005
23408872,10/5/2011
23401839,9/16/2002
23327298,8/17/2010
23323812,10/9/2008
23309606,11/30/2005
23303072,10/9/2008
23299957,5/8/2006
23297235,1/9/2009
23289281,1/10/2003
23282832,11/14/2007
23274061,11/16/2010
23269426,9/11/2012
23265594,1/11/2004
23265313,1/12/2003
23234094,1/24/2012
23232295,5/17/2013
23212990,8/2/2011
23205979,7/18/2003
23171610,10/20/2002
23168060,
23118924,1/3/2005
23115241,9/6/2009
23093604,
23051413,11/16/2010
23015896,
23008320,10/5/2011
22996376,1/3/2005
22993208,
22991179,11/17/2009
22959079,10/20/2002
22910685,8/3/2002
22873798,1/3/2005
22858242,2/16/2010
22842214,8/16/2011
22837504,
22835145,12/5/2009
22812068,1/24/2012
22796548,1/12/2003
22790789,6/8/2005
22754505,10/9/2008
22751868,11/16/2010
22747316,9/11/2012
22702055,8/3/2002
22666164,2/23/2010
22653490,1/25/2013
22628574,12/5/2009
22610082,
22609617,1/3/2004
22589918,1/3/2004
22587018,11/30/2005
22567609,9/16/2002
22539270,11/16/2010
22537443,2/28/2004
22512406,1/24/2012
22512237,6/8/2005
22499463,8/15/2007
22493811,1/3/2004
22479888,8/2/2006
22446869,1/25/2013
22431243,1/3/2004
22419772,1/3/2003
22386234,10/5/2011
22377815,8/15/2007
22371016,
22359980,10/20/2002
22346472,
22339232,11/16/2010
22318971,8/17/2010
22205600,8/17/2010
22201234,10/9/2008
22171591,10/9/2008
22160245,11/14/2007
22147147,5/8/2006
22123627,11/17/2009
22110647,5/17/2013
22082163,8/17/2010
22076135,9/11/2012
22061412,
22056710,1/1/2005
22047978,9/11/2012
22046459,1/10/2003
22020907,1/6/2005
22009013,
21977828,1/24/2012
21954587,9/11/2012
21947653,11/14/2007
21924381,9/11/2012
21908319,1/6/2005
21900719,1/12/2003
21888494,1/3/2003
21887179,1/3/2004
21879581,11/17/2009
21844577,1/6/2005
21844576,1/6/2005
21843307,11/15/2011
21831848,1/25/2013
21817254,6/27/2002
21790410,1/24/2012
21770260,1/3/2003
21768554,5/16/2007
21767650,9/11/2012
21702241,
21698716,5/16/2007
21672573,12/5/2009
21636650,8/17/2010
21620076,8/16/2011
21615956,
21598948,1/3/2003
21597117,1/3/2004
21593977,10/27/2004
21558682,1/3/2003
21524779,8/28/2012
21507589,8/16/2011
21496848,
21488686,10/9/2008
21481146,5/16/2007
21466326,1/3/2004
21454943,10/9/2008
21420702,5/16/2007
21417692,1/3/2003
21390858,1/24/2012
21362970,12/5/2009
21350571,8/17/2010
21347810,6/27/2002
21340051,9/16/2002
21323861,
21297224,1/3/2003
21296383,8/17/2010
21263083,3/29/2002
21249921,11/16/2010
21237481,10/20/2002
21219755,1/3/2004
21208154,
21179143,11/17/2009
21175632,1/3/2003
21159309,11/17/2009
21155323,8/15/2007
21143940,8/16/2011
21113684,11/16/2010
21074344,5/13/2006
21070956,1/12/2003
21051977,11/15/2011
21051146,1/3/2005
21044178,9/11/2012
21015833,1/10/2003
21007444,11/14/2007
20951752,5/13/2006
20939559,1/3/2005
20932152,11/17/2009
20871001,1/7/2002
20858318,1/12/2003
20855340,1/24/2012
20838380,11/15/2011
20831168,6/6/2003
20822520,9/11/2012
20802187,8/28/2012
20797524,2/16/2010
20781762,1/6/2005
20765952,1/3/2003
20727787,10/10/2003
20721929,1/6/2005
20721928,1/6/2005
20721759,11/15/2011
20700531,
20686759,
20663556,7/5/2008
20644748,1/3/2004
20638610,
20630765,11/16/2010
20624263,9/16/2002
20586572,
20546916,10/18/2008
20529766,5/13/2006
20522190,1/3/2004
20474741,8/17/2010
20470500,1/9/2009
20457551,11/17/2009
20450925,10/18/2008
20438745,8/15/2007
20436034,6/27/2002
20394040,6/27/2002
20374351,
20358953,1/9/2009
20351153,8/17/2010
20315854,5/15/2007
20277860,6/27/2002
20277376,1/24/2012
20264508,8/16/2011
20228463,9/16/2002
20210570,11/17/2009
20193924,1/24/2012
20188127,1/12/2003
20174189,8/17/2010
20154092,
20140382,12/5/2009
20138923,8/17/2010
20127343,
20101223,
20065549,1/12/2003
20065322,12/26/2006
20060230,8/3/2002
20057949,11/17/2009
20032555,
20003527,11/14/2007
19980975,11/14/2007
19974580,10/18/2008
19959742,
19932396,
19877898,1/6/2005
19870120,1/25/2013
19847532,9/5/2005
19844995,10/9/2008
19827717,1/3/2003
19763315,11/14/2007
19740112,4/11/2006
19737320,4/28/2006
19733961,6/8/2005
19700943,1/25/2013
19680539,8/28/2012
19667590,5/17/2013
19665973,2/16/2010
19642889,12/5/2009
19642774,
19613556,6/27/2002
19612721,1/6/2004
19605133,
19596712,1/25/2013
19594506,8/15/2007
19578592,11/16/2010
19523799,3/29/2002
19505896,10/18/2008
19451302,2/16/2010
19441018,7/5/2008
19439119,
19406822,9/16/2002
19394153,11/30/2005
19384334,9/16/2002
19357125,10/9/2008
19337371,5/17/2013
19327348,10/9/2008
19312169,1/6/2004
19310321,1/25/2013
19252988,1/3/2004
19230408,1/3/2003
19230407,1/3/2003
19204398,
19182751,11/5/2010
19163116,
19159413,3/30/2003
19153634,6/6/2003
19139516,8/17/2010
19086954,10/10/2003
19066538,6/27/2002
19041767,8/15/2007
19024706,8/15/2007
19019586,8/16/2011
19012345,
18988391,1/25/2013
18964575,11/16/2010
18960169,10/18/2008
18937875,1/7/2002
18895832,6/8/2005
18891691,1/11/2004
18865703,1/25/2013
18842395,2/16/2010
18828179,8/15/2007
18816758,
18807108,9/16/2002
18756904,11/16/2010
18752938,10/18/2008
18739764,2/16/2010
18724123,1/25/2013
18712704,11/17/2009
18710707,8/3/2002
18698739,1/25/2013
18658572,1/25/2013
18654201,1/6/2005
18634367,11/16/2010
18631392,
18605135,1/3/2003
18591904,9/16/2002
18590133,1/6/2004
18517177,2/16/2010
18511599,1/24/2012
18511384,6/8/2005
18489208,10/18/2008
18482591,
18446701,
18444902,5/17/2013
18430390,
18426196,1/25/2013
18407024,8/17/2010
18378582,1/6/2004
18372968,8/15/2007
18325492,6/8/2005
18322364,5/17/2013
18318842,1/10/2004
18302224,8/15/2007
18282103,
18271561,11/30/2005
18246479,6/27/2002
18235577,10/9/2008
18190572,1/6/2004
18161786,9/16/2002
18158397,11/14/2007
18144507,4/15/2003
18144506,4/15/2003
18114794,5/17/2013
18096222,11/17/2009
18063928,
18060565,
18036057,6/6/2003
18013090,10/9/2008
17985575,1/9/2002
17968114,8/1/2008
17955766,5/8/2006
17948378,
17932494,5/17/2013
17896384,
17881964,8/3/2002
17874674,11/17/2009
17841097,11/16/2010
17814387,3/30/2003
17810268,11/14/2007
17760003,
17732278,1/3/2007
17720747,2/16/2010
17706537,8/15/2007
17655904,1/6/2004
17653779,9/16/2002
17649753,
17643265,1/25/2013
17597059,7/18/2003
17589298,5/16/2007
17559367,
17548456,
17536995,1/25/2013
17535588,8/3/2002
17521642,8/2/2011
17502671,
17494901,1/24/2012
17490535,2/16/2010
17484499,
17475251,1/25/2013
17449108,10/20/2002
17444133,1/3/2004
17418744,
17415895,5/16/2007
17393207,5/16/2007
17377751,
17375316,9/16/2002
17363041,8/15/2007
17358176,6/27/2002
17313545,12/5/2009
17286057,7/5/2008
17285476,8/17/2010
17266660,10/9/2008
17259470,8/15/2007
17243896,11/17/2009
17241370,
17238333,4/28/2006
17214465,7/18/2003
17201174,8/5/2012
17192817,7/18/2003
17189677,8/15/2007
17189532,8/5/2012
17185260,1/10/2004
17178486,5/13/2006
17132130,5/8/2006
17129783,
17092736,3/29/2002
17078030,1/6/2004
17045014,11/15/2011
17032740,11/14/2007
17021204,11/17/2009
16984449,8/15/2007
16972957,6/27/2002
16970158,1/10/2003
16956455,1/3/2005
16946849,5/8/2006
16940215,
16923472,11/15/2011
16909657,11/17/2009
16906241,
16899564,1/10/2002
16898077,
16886617,2/16/2010
16828633,
16825874,1/26/2010
16768387,6/27/2002
16762927,9/16/2002
16751086,
16719802,8/5/2012
16708652,8/2/2011
16693254,
16678947,2/16/2010
16674846,
16638212,8/2/2011
16616620,5/8/2006
16589042,1/9/2004
16587243,1/3/2004
16556849,1/3/2004
16550875,1/24/2012
16527176,
16516630,8/2/2011
16509093,7/18/2003
16480084,11/15/2011
16475472,6/6/2003
16469012,1/10/2004
16437822,8/15/2007
16435215,1/12/2003
16430187,1/3/2004
16392422,7/27/2005
16366944,8/5/2012
16353197,8/3/2002
16308000,8/2/2011
16304628,1/9/2009
16272453,1/24/2012
16268841,1/12/2003
16255442,1/6/2004
16241441,8/15/2007
16229315,2/16/2010
16227556,10/20/2002
16226786,1/6/2004
16222645,7/18/2003
16197610,11/14/2007
16191953,
16135253,1/12/2003
16111820,
16067089,8/15/2007
16008155,2/16/2010
15960641,1/11/2004
15951532,8/17/2010
15941690,8/28/2012
15939448,2/16/2010
15935204,10/18/2008
15914410,
15894048,5/8/2006
15893860,9/11/2012
15871676,
15866454,1/3/2003
15854426,8/2/2011
15839054,8/17/2010
15800838,1/10/2004
15734813,1/3/2004
15717011,1/3/2005
15684835,2/16/2010
15658249,
15629801,1/25/2011
15605085,
15595052,1/4/2006
15576074,8/2/2011
15574615,
15561463,5/17/2013
15552258,
15510988,11/11/2006
15507080,4/28/2006
15480588,3/30/2003
15475415,12/5/2009
15471265,
15401633,8/3/2002
15394083,8/2/2011
15383415,7/18/2003
15367030,12/26/2006
15341821,
15317640,1/4/2006
15313433,11/5/2010
15310033,10/5/2011
15305240,8/15/2007
15303296,3/29/2002
15294090,5/8/2006
15286412,8/2/2011
15270885,
15259704,9/16/2002
15259703,9/16/2002
15237615,6/27/2002
15187079,11/17/2009
15169262,
15150365,3/30/2003
15103313,10/5/2011
15090429,1/3/2005
15083728,9/16/2002
15052462,8/3/2002
15025844,8/3/2002
15023985,9/16/2002
15013468,1/8/2004
14983497,
14977074,1/10/2002
14943837,
14936691,
14898067,1/9/2005
14898066,1/9/2005
14878871,1/3/2005
14851496,6/27/2002
14824019,8/28/2012
14785765,4/31/2011
14778250,10/9/2008
14772491,5/8/2006
14771222,9/11/2012
14759024,
14745409,8/28/2012
14731897,
14730606,
14702066,1/26/2008
14677495,8/2/2011
14644902,1/3/2003
14618326,1/3/2004
14613029,
14568951,8/28/2012
14550855,11/5/2010
14536035,1/26/2008
14531242,6/6/2003
14507213,1/25/2011
14506878,7/5/2008
14472500,1/4/2006
14462257,11/17/2009
14430063,11/5/2010
14391920,1/8/2004
14344682,
14342283,8/2/2011
14318794,6/6/2003
14315573,10/27/2003
14291024,6/6/2003
14289852,8/28/2012
14261867,7/18/2003
14258627,1/9/2009
14255590,1/4/2006
14225239,5/13/2006
14214060,8/28/2012
14198496,10/5/2011
14181608,5/1/2009
14154221,8/5/2012
14152862,
14148099,1/11/2004
14141448,6/27/2002
14089428,1/26/2008
14087893,7/18/2003
14047624,
14037717,1/10/2002
14017402,8/17/2010
14015067,9/16/2002
14001430,8/28/2012
13997673,1/9/2009
13995824,8/17/2010
13959634,9/11/2012
13955608,1/17/2007
13945283,3/29/2002
13944422,1/3/2004
13893596,
13857930,1/26/2008
13846680,1/3/2007
13839120,1/17/2007
13821299,
13803864,1/11/2004
13761956,
13756293,1/3/2005
13723605,3/29/2002
13722870,1/12/2003
13708425,11/5/2010
13685271,8/16/2011
13676474,1/3/2003
13629812,8/28/2012
13626450,1/11/2004
13604200,6/22/2004
13599884,6/27/2002
13582837,11/5/2010
13574687,1/9/2009
13532663,1/6/2005
13522325,1/3/2003
13521194,8/17/2010
13504844,9/6/2009
13492423,8/28/2012
13478040,11/15/2011
13474291,7/5/2008
13455953,8/2/2011
13438207,11/5/2010
13429800,3/29/2002
13409151,1/6/2004
13391185,5/17/2013
13386503,1/6/2004
13361027,
13316346,1/17/2007
13314457,1/26/2008
13293158,1/26/2008
13250922,1/4/2006
13220032,
13215230,6/27/2002
13210191,8/5/2012
13179332,1/10/2004
13166204,8/28/2012
13140300,8/5/2012
13108445,
13093792,5/13/2006
13039848,3/30/2003
13032689,8/5/2012
13030280,
13002461,8/28/2012
12986807,
12986778,10/5/2011
12980373,8/28/2012
12965761,10/10/2003
12958919,1/26/2008
12953226,1/3/2003
12940613,8/28/2012
12923641,1/3/2005
12883044,1/3/2003
12863633,8/16/2011
12836042,9/11/2012
12829151,
12817939,4/11/2006
12800777,1/3/2003
12755462,11/15/2011
12735388,1/26/2008
12694768,7/25/2007
12652643,7/5/2008
12644061,8/28/2012
12624008,1/3/2007
12607053,3/30/2003
12600382,1/12/2003
12580477,8/3/2002
12538374,1/4/2006
12533811,11/15/2011
12503902,1/11/2004
12493482,4/28/2006
12482652,1/12/2003
12472242,6/27/2002
12470447,9/16/2002
12469386,11/5/2010
12435193,12/5/2009
12423762,8/5/2012
12324546,1/3/2007
12299841,8/16/2011
12298909,1/26/2008
12296376,11/5/2010
12275533,5/17/2013
12253117,10/20/2002
12247206,8/2/2006
12235475,
12216615,11/5/2010
12206212,6/27/2002
12197543,8/5/2012
12183332,7/18/2003
12181376,1/11/2004
12174035,1/9/2009
12160911,1/6/2004
12143771,10/10/2003
12117532,5/13/2006
12079734,11/5/2010
12076263,8/16/2011
12071500,1/26/2008
12057781,1/10/2004
12014404,9/11/2012
11987744,1/12/2003
11975962,8/5/2012
11961740,7/18/2003
11954712,8/16/2011
11925569,10/20/2006
11913700,1/26/2008
11901678,1/9/2002
11877465,
11868825,8/3/2002
11868731,8/28/2012
11834972,
11830996,1/9/2009
11813953,10/10/2003
11813722,11/16/2010
11761845,10/20/2002
11760174,7/18/2003
11747708,11/5/2010
11743119,10/10/2003
11741041,8/16/2011
11722335,
11685347,4/11/2006
11678191,6/8/2005
11662742,1/3/2007
11613567,12/5/2009
11596936,12/5/2009
11593137,11/5/2010
11549357,2/18/2003
11548522,1/12/2003
11508758,
11502550,1/3/2007
11501629,1/25/2013
11471117,7/2/2007
11460577,11/30/2005
11458071,5/16/2007
11448373,1/6/2004
11398059,5/17/2013
11390349,
11384280,6/27/2002
11373345,12/5/2009
11366199,11/17/2009
11324436,9/16/2002
11321183,10/10/2003
11287364,
11264180,10/5/2011
11260714,
11232355,10/9/2008
11228035,8/28/2012
11224934,
11224103,1/10/2004
11159464,
11136371,1/26/2008
11125718,10/5/2011
11111139,10/18/2008
11102908,1/3/2007
11091375,10/10/2003
11052544,1/9/2009
11047543,10/5/2011
11021521,10/10/2003
11012887,
10992251,10/20/2002
10979723,10/10/2003
10963799,4/11/2006
10925955,10/5/2011
10920352,8/16/2011
10875327,12/5/2009
10809984,10/10/2003
10802915,10/5/2011
10759529,7/2/2007
10755984,
10755153,1/12/2003
10719350,1/25/2013
10712320,
10691144,11/16/2010
10667321,1/3/2007
10651797,12/5/2009
10591919,12/5/2009
10538007,6/27/2002
10537981,7/3/2007
10532969,1/25/2013
10526791,11/30/2005
10509340,1/6/2005
10489311,1/3/2007
10485110,9/5/2005
10456559,6/8/2005
10389794,8/5/2012
10375182,7/27/2005
10365322,1/25/2013
10352095,1/3/2003
10321588,1/9/2009
10275411,5/17/2013
10262698,1/7/2002
10248389,11/30/2005
10248192,7/18/2003
10236520,5/16/2007
10209545,10/10/2003
10202894,3/29/2002
10189126,6/27/2002
10178757,
10132124,8/16/2011
10118318,1/9/2009
10110717,10/9/2008
10097168,10/18/2008
10080320,10/20/2006
10071456,6/27/2002
10069180,1/6/2005
10060427,11/17/2009
10035717,1/6/2004
10032958,1/4/2006
10028593,10/5/2011
10026986,
10012614,7/18/2003
10004783,1/26/2008
10002346,
10000021,
10000020,
10000011,
10000010,
10000001,
10000000,
9999961,8/17/2010
9995766,1/9/2009
9952083,1/26/2008
9910360,1/4/2006
9897998,8/16/2011
9888196,
9861795,9/11/2012
9848939,11/17/2009
9845733,1/3/2007
9831539,9/11/2012
9817927,1/12/2003
9791914,8/28/2012
9786492,10/10/2003
9780364,10/5/2011
9748752,8/4/2008
9744376,1/3/2005
9720537,7/5/2008
9718968,
9666558,
9653271,6/27/2002
9637706,1/6/2005
9633505,1/12/2003
9622164,8/4/2008
9603356,1/12/2003
9596126,1/3/2004
9583383,9/11/2012
9576193,11/15/2011
9560338,1/25/2013
9433350,4/20/2010
9418534,7/5/2008
9411399,7/2/2007
9391354,5/16/2007
9373534,1/3/2004
9365703,5/8/2008
9354555,11/15/2011
9327502,
9293977,8/3/2002
9284723,8/15/2007
9267769,1/3/2007
9264485,1/10/2004
9236985,
9201964,7/5/2008
9159938,8/3/2002
9156135,10/10/2003
9145181,1/3/2007
9126351,11/17/2009
9109991,1/9/2009
9076207,8/3/2002
9074847,10/20/2002
9059700,11/5/2010
9056100,
9053187,9/11/2012
9012916,11/5/2010
8964854,10/10/2003
8951260,10/20/2002
8949584,8/16/2011
8903700,11/17/2009
8842266,10/10/2003
8822710,
8814959,
8806072,4/11/2006
8794435,1/12/2003
8730435,1/26/2008
8719957,9/11/2012
8715625,1/11/2004
8698851,7/2/2007
8692301,
8687195,1/3/2003
8649148,9/11/2012
8634636,10/10/2003
8632967,11/15/2011
8628798,1/3/2005
8611007,
8594079,
8581705,1/12/2003
8508055,1/3/2005
8487449,1/9/2009
8483333,10/18/2008
8471389,6/27/2002
8414337,
8400623,
8396952,7/5/2008
8323633,1/3/2007
8316661,
8310162,
8279188,1/9/2009
8275702,5/16/2007
8233522,
8201910,6/27/2002
8198712,1/4/2006
8175346,8/16/2011
8131171,4/15/2003
8124921,8/3/2002
8078366,8/28/2012
8062132,8/15/2007
8057630,1/9/2009
8041569,
8034697,10/10/2003
7953868,8/16/2011
7935043,1/9/2009
7914843,9/11/2012
7902349,8/3/2002
7892180,9/16/2002
7852878,8/28/2012
7845138,
7841112,11/17/2009
7817703,10/18/2008
7811875,11/16/2010
7805359,6/27/2002
7802006,10/10/2003
7736719,
7700132,
7672244,6/8/2005
7653207,8/16/2011
7634581,
7625614,10/10/2003
7617253,1/26/2008
7602840,6/8/2005
7582066,8/17/2010
7576264,11/18/2006
7572887,1/12/2003
7565547,1/3/2003
7562372,12/20/2002
7512044,10/10/2003
7500772,5/17/2013
7489323,3/30/2003
7478431,
7452945,5/17/2013
7405310,11/15/2011
7392745,8/28/2012
7391448,10/9/2008
7369217,1/12/2003
7359741,1/3/2003
7304544,8/17/2010
7264861,1/9/2009
7243511,1/24/2012
7200041,
7180418,10/10/2003
7165085,1/3/2003
7153114,5/16/2007
7093411,5/16/2007
7092142,5/17/2013
7089711,1/3/2004
7076131,1/4/2006
7030340,10/18/2008
7025445,11/16/2010
7019529,6/27/2002
6979239,6/6/2003
6924874,5/13/2006
6903857,11/16/2010
6850209,1/12/2003
6849042,7/5/2008
6840573,
6836211,8/16/2011
6799227,11/16/2010
6795211,10/18/2008
6740720,3/19/2002
6733059,1/3/2003
6713443,1/25/2013
6691855,1/25/2013
6631034,1/3/2007
6614221,7/5/2008
6588580,
6544078,10/9/2008
6540606,6/8/2005
6480253,6/8/2005
6459419,8/17/2010
6430659,8/16/2011
6390406,10/10/2003
6368039,8/3/2002
6368038,8/3/2002
6353603,1/25/2013
6343408,1/3/2003
6337436,11/30/2005
6320631,1/9/2009
6297941,1/6/2005
6285791,3/29/2002
6260554,5/17/2013
6256844,
6178850,10/9/2008
6150044,1/9/2009
6148016,5/17/2013
6142213,1/9/2009
6137095,1/4/2006
6133894,1/6/2004
6112401,1/9/2009
6104968,10/20/2002
6103294,1/6/2004
6061630,7/5/2008
6021033,10/18/2008
5998840,11/5/2010
5990062,7/18/2003
5975022,11/14/2007
5973663,10/18/2008
5915629,8/15/2007
5914184,8/5/2012
5901497,6/27/2002
5861892,
5851097,11/16/2010
5818798,6/27/2002
5817857,1/9/2009
5780210,11/16/2010
5763020,2/16/2010
5758500,3/30/2003
5703682,1/6/2004
5645210,10/9/2008
5640330,
5628232,12/20/2002
5616412,1/11/2004
5609226,1/26/2010
5606466,6/8/2005
5600127,1/3/2003
5592689,1/26/2008
5577649,11/16/2010
5562461,1/26/2008
5556668,10/29/2002
5556499,2/23/2010
5554990,8/2/2011
5519829,10/9/2008
5494820,1/3/2003
5479217,1/25/2013
5464695,1/3/2004
5438492,10/28/2005
5434080,1/3/2003
5405694,1/3/2004
5373478,2/16/2010
5371656,1/6/2004
5368615,6/8/2005
5361647,5/17/2013
5338223,1/24/2012
5325424,5/17/2013
5318639,1/3/2004
5309481,10/18/2008
5285665,1/4/2006
5284653,
5265750,10/20/2002
5257687,7/18/2003
5244497,8/5/2012
5237827,11/15/2011
5220687,2/16/2010
5186893,10/18/2008
5183693,8/15/2007
5128859,8/15/2007
5126490,10/18/2008
5053103,3/29/2002
5052212,10/9/2008
5037726,8/5/2012
5014629,8/16/2011
4941482,2/16/2010
4929256,1/10/2004
4923662,9/18/2007
4920010,10/20/2002
4906301,8/15/2007
4904812,
4896788,1/3/2004
4869446,1/6/2004
4861205,1/1/2005
4857085,10/18/2008
4849037,9/16/2002
4796100,2/16/2010
4779091,1/26/2008
4756629,5/17/2013
4732017,1/3/2004
4722253,8/5/2012
4694209,1/9/2009
4638410,11/16/2010
4614116,8/3/2002
4611269,
4587638,
4549095,5/17/2013
4545854,11/15/2011
4545683,
4542651,1/3/2004
4483989,6/8/2005
4466015,8/15/2007
4446672,1/17/2007
4440873,1/26/2008
4423206,1/24/2012
4417407,5/17/2013
4404099,2/16/2010
4376658,11/30/2005
4335645,7/18/2003
4334811,2/23/2010
4290468,11/5/2010
4266839,10/20/2002
4259068,1/6/2004
4253484,11/14/2007
4252828,12/5/2009
4230620,10/9/2008
4215636,1/24/2012
4206964,3/29/2002
4179849,1/10/2002
4179255,1/9/2009
4178474,7/18/2003
4168871,11/5/2010
4162088,1/4/2006
4149689,12/5/2002
4141820,2/16/2010
4130270,12/5/2009
4081825,10/5/2011
4081094,1/6/2004
4068622,11/16/2010
4064256,10/18/2008
4058065,
4042268,10/20/2002
4041838,1/10/2004
4035199,7/18/2003
4031928,3/29/2002
4022819,8/5/2012
3989465,
3972721,1/9/2009
3954901,10/24/2007
3918345,11/14/2007
3900605,8/5/2012
3897065,11/14/2007
3891471,
3868277,10/5/2011
3825890,2/16/2010
3819470,3/30/2003
3814632,
3810071,1/6/2005
3797883,9/16/2002
3784434,4/11/2006
3773196,1/3/2004
3701074,8/1/2008
3682106,6/6/2003
3659803,5/8/2006
3657444,1/26/2008
3648368,
3643300,10/20/2002
3642509,
3627449,1/10/2002
3606728,1/24/2012
3603242,2/16/2010
3573512,3/30/2003
3549275,7/18/2003
3536537,
3510565,1/3/2004
3493978,1/3/2004
3493058,1/24/2012
3492538,
3431737,
3429238,2/16/2010
3381441,2/16/2010
3370104,5/13/2006
3366982,
3300267,8/5/2012
3283679,8/5/2012
3244563,8/15/2007
3204467,
3170832,1/10/2002
3167573,
3149764,7/18/2003
3146695,10/5/2011
3136426,1/6/2004
3129635,8/2/2011
3113836,
3078576,6/6/2003
3072808,10/5/2011
3072077,
3070049,9/11/2012
3056267,9/16/2002
3055837,1/11/2004
3030892,11/14/2007
3027001,3/30/2003
3019642,4/11/2006
2986553,
2980764,2/16/2010
2964201,3/30/2003
2956282,
2926176,1/11/2004
2924048,10/5/2011
2903036,10/10/2003
2851070,1/12/2003
2843014,11/5/2010
2833249,7/18/2003
2830619,12/26/2006
2792265,7/18/2003
2779999,
2772236,8/17/2010
2766877,
2732323,10/24/2007
2694423,1/6/2005
2671330,1/3/2004
2619149,
2584136,1/24/2012
2521011,1/25/2013
2511717,8/2/2011
2504891,6/27/2002
2483611,6/27/2002
2468169,1/6/2004
2461031,8/5/2012
2460565,6/6/2003
2407147,
2403771,12/5/2009
2377034,
2371506,1/24/2012
2370081,1/7/2002
2362787,7/5/2008
2356994,6/6/2003
2333365,8/2/2011
2326738,7/18/2003
2322421,9/6/2009
2316186,1/4/2006
2314238,1/6/2004
2311603,10/20/2002
2295440,12/5/2009
2250266,10/5/2011
2204140,1/1/2005
2203790,2/16/2010
2196767,11/14/2007
2191144,
2158562,5/13/2006
2148918,1/24/2012
2137678,10/5/2011
2134346,6/6/2003
2130625,10/20/2002
2122975,8/15/2007
2118022,6/27/2002
2111707,10/10/2003
2091298,
2088870,
2084239,7/5/2008
2067935,
2047519,
2009101,
1995985,1/11/2004
1969506,
1965724,1/11/2004
1953925,1/17/2007
1945387,8/16/2011
1929294,
1918087,10/20/2002
1896112,1/26/2008
1845204,4/11/2006
1834753,10/18/2008
1834107,8/17/2010
1828513,
1804528,7/18/2003
1802450,10/5/2011
1801154,1/3/2005
1784619,3/30/2003
1781310,1/11/2004
1710476,
1689516,1/3/2005
1669772,1/11/2004
1662004,1/25/2013
1644289,
1641882,8/3/2002
1596508,
1571945,1/6/2005
1557499,8/3/2002
1546124,6/8/2005
1546123,6/8/2005
1539051,7/5/2008
1533292,
1525329,6/6/2003
1498130,8/2/2011
1475311,1/26/2008
1474910,
1435851,8/3/2002
1434352,1/3/2004
1412158,6/6/2003
1409474,1/25/2013
1371589,1/24/2012
1362589,1/24/2012
1357146,11/5/2010
1347977,6/6/2003
1315120,10/5/2011
1287123,
1281505,
1264319,
1248895,10/20/2002
1224927,10/24/2007
1200843,10/9/2008
1184620,1/3/2004
1149109,7/5/2008
1102515,1/10/2004
1082946,7/18/2003
1073952,12/5/2009
1050684,8/17/2010
1045143,8/28/2012
1036974,5/13/2006
1005587,8/28/2012
984114,7/25/2007
983995,8/28/2012
980973,1/10/2004
923596,8/28/2012
900787,
876330,
847915,
770365,9/11/2012
759393,1/6/2005
732302,4/28/2006
712559,8/17/2010
706925,
698785,11/15/2011
691925,7/5/2008
674561,1/26/2008
652362,
612115,10/18/2008
598988,
596051,9/16/2002
581014,
564541,
549481,6/27/2002
525110,11/5/2010
487395,5/8/2008
473469,10/20/2002
440556,9/11/2012
425934,1/12/2003
423705,1/9/2002
423585,3/30/2009
403847,6/6/2003
402568,11/5/2010
359563,
336369,
313513,7/5/2008
303660,1/6/2004
296499,10/20/2002
295517,6/6/2003
293542,10/5/2011
282886,1/25/2013
259314,8/5/2012
255998,1/6/2010
242146,1/11/2004
218704,1/3/2004
213326,5/13/2006
176392,11/5/2010
168917,
135598,11/5/2010
131182,7/5/2008
126218,10/29/2002
123709,11/15/2011
123103,
114932,5/16/2007
102380,7/18/2003
62121,6/27/2002
50755,1/9/2005
41777,
32864,8/3/2002
27551,7/5/2008
12300,1/3/2003
